project_id,project_name,sector,implementing_agency,approved_cost_cr,planned_commissioning_date,reported_completion_expenditure_cr,completion_date,financial_year,source_url
,REVAMPING OF EXISTING FACILITIES/ AUGMENTATION OF,Petroleum,,318.8,2021-08-01,224.25,2023-04-30,2023-24,https://paimana-proj.mospi.gov.in/ReportPage/ViewPdf?id=60&path=Content/ArchiveReport/flash/2023-24/FR_mar_2024.pdf
,ETHANOL PRODUCTION FROM PSA OFF GAS BASED ON LANZATECH,Facilities At Baitalpur Depot For                (Indian Oil,,598.0,2020-02-01,679.2,2023-04-30,2023-24,https://paimana-proj.mospi.gov.in/ReportPage/ViewPdf?id=60&path=Content/ArchiveReport/flash/2023-24/FR_mar_2024.pdf
,KAILASHAHAR TO KHOWAI PKG-2,Highways And Infrastructure Development Corporation,,206.78,2022-07-01,197.72,2023-05-31,2023-24,https://paimana-proj.mospi.gov.in/ReportPage/ViewPdf?id=60&path=Content/ArchiveReport/flash/2023-24/FR_mar_2024.pdf
,DOUBLING OF TRACK BETWEEN GOOTY AND DHARMAVARAM OF,Railways,,636.38,2021-03-01,1081.75,2023-06-30,2023-24,https://paimana-proj.mospi.gov.in/ReportPage/ViewPdf?id=60&path=Content/ArchiveReport/flash/2023-24/FR_mar_2024.pdf
,CONSTRUCTION OF A NEW 2-LANE HIGHWAY FROM KM 0.00 (ON NH-,Rate(Ministry Of Road Transport And Highways (State,,195.04,2010-10-01,415.11,2023-08-31,2023-24,https://paimana-proj.mospi.gov.in/ReportPage/ViewPdf?id=60&path=Content/ArchiveReport/flash/2023-24/FR_mar_2024.pdf
,REHABILITATION AND UPGRADATION TO 2-LANE WITH PAVED,Rate(Ministry Of Road Transport And Highways (State,,396.86,2019-09-01,325.22,2023-08-31,2023-24,https://paimana-proj.mospi.gov.in/ReportPage/ViewPdf?id=60&path=Content/ArchiveReport/flash/2023-24/FR_mar_2024.pdf
,WIDENING TO 2LPS FROM 58/00 TO 116/10 OF NH-153B (NAKTIDEUL,Shoulder Configuration Of Nandakumar-Contai-Chan,,206.88,2018-04-01,123.5,2023-08-31,2023-24,https://paimana-proj.mospi.gov.in/ReportPage/ViewPdf?id=60&path=Content/ArchiveReport/flash/2023-24/FR_mar_2024.pdf
,WIDENING TO 2LPS FROM 173/37 TO 229/40 OF NH-59 IN THE STATE,To Boudh) In The State Of Odisha        (Ministry Of Road,,214.23,2018-08-01,179.48,2023-08-31,2023-24,https://paimana-proj.mospi.gov.in/ReportPage/ViewPdf?id=60&path=Content/ArchiveReport/flash/2023-24/FR_mar_2024.pdf
,MANGAWA-MP/UP BORDER SECTION OF NH-27 (4L) IN MP,Road Transport And Highways,,410.72,2015-04-01,392.45,2023-09-30,2023-24,https://paimana-proj.mospi.gov.in/ReportPage/ViewPdf?id=60&path=Content/ArchiveReport/flash/2023-24/FR_mar_2024.pdf
,CONSTRUCTION TO TWO LANE WITH PAVED SHOULDERS WITH,Bot (Toll)(Ministry Of Road Transport And Highways (State,,264.5,2021-03-01,215.21,2023-09-30,2023-24,https://paimana-proj.mospi.gov.in/ReportPage/ViewPdf?id=60&path=Content/ArchiveReport/flash/2023-24/FR_mar_2024.pdf
,2-LANING OF CHURACHANDPUR TUIVAI SECTION OF NH-102B (1A,Flexible Pavement On Khalghat To Sarwardewla Road,,167.95,2022-06-01,84.16,2023-09-30,2023-24,https://paimana-proj.mospi.gov.in/ReportPage/ViewPdf?id=60&path=Content/ArchiveReport/flash/2023-24/FR_mar_2024.pdf
,WIDENING TO 2LPS FROM 50/0 TO 140/9 OF NH-57 (SONEPUR TO,Highways And Infrastructure Development Corporation,,295.67,2017-02-01,242.48,2023-11-30,2023-24,https://paimana-proj.mospi.gov.in/ReportPage/ViewPdf?id=60&path=Content/ArchiveReport/flash/2023-24/FR_mar_2024.pdf
,2-LANING FROM MANU-SIMLUNG ( PKG III),Madhapur) In The State Of Odisha            (Ministry Of Road,,347.36,2022-01-01,224.48,2023-11-30,2023-24,https://paimana-proj.mospi.gov.in/ReportPage/ViewPdf?id=60&path=Content/ArchiveReport/flash/2023-24/FR_mar_2024.pdf
,KAILASHAHAR TO KHOWAI PKG-5,Epc(National Highways And Infrastructure Development,,332.14,2022-07-01,148.07,2023-11-30,2023-24,https://paimana-proj.mospi.gov.in/ReportPage/ViewPdf?id=60&path=Content/ArchiveReport/flash/2023-24/FR_mar_2024.pdf
,KAILASHAHAR TO KHOWAI PKG-3,Epc(National Highways And Infrastructure Development,,280.91,2022-07-01,202.06,2023-11-30,2023-24,https://paimana-proj.mospi.gov.in/ReportPage/ViewPdf?id=60&path=Content/ArchiveReport/flash/2023-24/FR_mar_2024.pdf
,KHELLANI-KHANABAL PKG-6,Epc(National Highways And Infrastructure Development,,285.28,2022-09-01,218.89,2023-11-30,2023-24,https://paimana-proj.mospi.gov.in/ReportPage/ViewPdf?id=60&path=Content/ArchiveReport/flash/2023-24/FR_mar_2024.pdf
,DABOKA KATHKATI PACKAGE-2,Epc(National Highways And Infrastructure Development,,335.88,2024-01-01,220.39,2023-11-30,2023-24,https://paimana-proj.mospi.gov.in/ReportPage/ViewPdf?id=60&path=Content/ArchiveReport/flash/2023-24/FR_mar_2024.pdf
,DABOKA KATHKATI PACKAGE-4,Epc(National Highways And Infrastructure Development,,260.07,2023-12-01,290.49,2023-11-30,2023-24,https://paimana-proj.mospi.gov.in/ReportPage/ViewPdf?id=60&path=Content/ArchiveReport/flash/2023-24/FR_mar_2024.pdf
,DEVELOPMENT OF NELP BLOCK KG-ONN-2003/1 NAGAYALANKA,Petroleum,,284.79,2023-06-01,258.16,2023-12-31,2023-24,https://paimana-proj.mospi.gov.in/ReportPage/ViewPdf?id=60&path=Content/ArchiveReport/flash/2023-24/FR_mar_2024.pdf
,CATALYST MANUFACTURING UNIT OF 1500 MTPA CAPACITY AT,Petroleum,,206.63,2020-02-01,284.95,2024-02-29,2023-24,https://paimana-proj.mospi.gov.in/ReportPage/ViewPdf?id=60&path=Content/ArchiveReport/flash/2023-24/FR_mar_2024.pdf
,CONST OF 152 QTRS 240 BOYS 240 GIRLS 150 NURSES HOSTEL,Health And Family Welfare,,195.0,2020-09-01,179.67,2024-02-29,2023-24,https://paimana-proj.mospi.gov.in/ReportPage/ViewPdf?id=60&path=Content/ArchiveReport/flash/2023-24/FR_mar_2024.pdf
,DEMBUEN - BRUNI,Highways And Infrastructure Development Corporation,,606.63,2023-03-01,281.69,2024-02-29,2023-24,https://paimana-proj.mospi.gov.in/ReportPage/ViewPdf?id=60&path=Content/ArchiveReport/flash/2023-24/FR_mar_2024.pdf
,JIA BHARALI BRIDGE ALONG WITH ITS APPROACH ROAD,Epc(National Highways And Infrastructure Development,,804.0,2023-08-01,575.92,2024-02-29,2023-24,https://paimana-proj.mospi.gov.in/ReportPage/ViewPdf?id=60&path=Content/ArchiveReport/flash/2023-24/FR_mar_2024.pdf
,BALANCE WORK UNDER PHASE-I FOR 4L OF KHED SINNER SECTION,Epc(National Highways And Infrastructure Development,,169.83,2022-10-01,207.89,2024-02-29,2023-24,https://paimana-proj.mospi.gov.in/ReportPage/ViewPdf?id=60&path=Content/ArchiveReport/flash/2023-24/FR_mar_2024.pdf
,INSTALLATION OF SECOND CATALYTIC DEWAXING UNIT (CDW-II) AT,Petroleum,,1019.0,2023-01-01,776.55,2024-03-31,2023-24,https://paimana-proj.mospi.gov.in/ReportPage/ViewPdf?id=60&path=Content/ArchiveReport/flash/2023-24/FR_mar_2024.pdf
,REPLACEMENT OF EXISTING TWIN 42” OFFSHORE PIPELINES AT,Haldia Refinery                     (Indian Oil Corporation,,1378.0,2022-12-01,1150.99,2024-03-31,2023-24,https://paimana-proj.mospi.gov.in/ReportPage/ViewPdf?id=60&path=Content/ArchiveReport/flash/2023-24/FR_mar_2024.pdf
,KARGIL-ZANSKR PACKAGE-5,Road Transport And Highways,,169.79,2023-12-01,200.8,2024-03-31,2023-24,https://paimana-proj.mospi.gov.in/ReportPage/ViewPdf?id=60&path=Content/ArchiveReport/flash/2023-24/FR_mar_2024.pdf
,CAPTIVE NATURAL GAS PIPELINE FROM DAHEJ TO KOYALI,Petroleum,,315.0,2021-12-01,232.8,2022-04-30,2022-23,https://paimana-proj.mospi.gov.in/ReportPage/ViewPdf?id=48&path=Content/ArchiveReport/flash/2022-23/FR_march_2023.pdf
,"CONSTRUCTION OF GRASS ROOT POL TERMINAL AT MOTIHARI,",Refinery                            (Indian Oil Corporation,,522.0,2021-03-01,443.99,2022-04-30,2022-23,https://paimana-proj.mospi.gov.in/ReportPage/ViewPdf?id=48&path=Content/ArchiveReport/flash/2022-23/FR_march_2023.pdf
,SETTING UP OF PHASE LL FACILITIES FOR HPCL GREEN R AND D,Bihar                           (Indian Oil Corporation Limited),,380.0,2021-11-01,366.58,2022-04-30,2022-23,https://paimana-proj.mospi.gov.in/ReportPage/ViewPdf?id=48&path=Content/ArchiveReport/flash/2022-23/FR_march_2023.pdf
,SYSTEM STRENGTHENING SCHEMES AT TUTICORIN-II (ERSTWHILE,Power,,496.11,2020-06-01,322.28,2022-04-30,2022-23,https://paimana-proj.mospi.gov.in/ReportPage/ViewPdf?id=48&path=Content/ArchiveReport/flash/2022-23/FR_march_2023.pdf
,4 LANING OF NAGPUR-BETUL,Road Transport And Highways,,2498.76,2014-08-01,2531.46,2022-04-30,2022-23,https://paimana-proj.mospi.gov.in/ReportPage/ViewPdf?id=48&path=Content/ArchiveReport/flash/2022-23/FR_march_2023.pdf
,NASHRI- CHANANI,Ppp (Annuity)(National Highways Authority Of India) -,,2159.0,2015-06-01,4729.68,2022-04-30,2022-23,https://paimana-proj.mospi.gov.in/ReportPage/ViewPdf?id=48&path=Content/ArchiveReport/flash/2022-23/FR_march_2023.pdf
,WIDENING AND UPGRADATION TO 2 LANE WITH PAVED SHOULDER,Highways And Infrastructure Development Corporation,,216.0,2018-11-01,117.19,2022-05-31,2022-23,https://paimana-proj.mospi.gov.in/ReportPage/ViewPdf?id=48&path=Content/ArchiveReport/flash/2022-23/FR_march_2023.pdf
,UPGRADATION OF NEW NATIONAL HIGHWAY NO 168 TO TWO LANE,Configuration And Geometric Improvement From,,464.07,2018-11-01,319.88,2022-05-31,2022-23,https://paimana-proj.mospi.gov.in/ReportPage/ViewPdf?id=48&path=Content/ArchiveReport/flash/2022-23/FR_march_2023.pdf
,BALANCE WORK OF 2-LANE WITH PAVED SHOULDER OF BHOPAL-,Road Transport And Highways,,227.49,2019-01-01,193.99,2022-06-30,2022-23,https://paimana-proj.mospi.gov.in/ReportPage/ViewPdf?id=48&path=Content/ArchiveReport/flash/2022-23/FR_march_2023.pdf
,NAGAUR-BIKANER SECTION FROM KM 177.00 TO KM 267.325 ON NH-,Shoulder From Jind-Gohana Road From Design Chain,,370.36,2022-08-01,271.81,2022-06-30,2022-23,https://paimana-proj.mospi.gov.in/ReportPage/ViewPdf?id=48&path=Content/ArchiveReport/flash/2022-23/FR_march_2023.pdf
,DIFFERENT BUILDINGS UNDER PHASE 1 NORTH FOR IIT MANDI AT,Department Of Higher Education,,270.83,2014-11-01,235.32,2022-06-30,2022-23,https://paimana-proj.mospi.gov.in/ReportPage/ViewPdf?id=48&path=Content/ArchiveReport/flash/2022-23/FR_march_2023.pdf
,AUGMENTATION OF PUMPING CAPACITY OF BARAUNI-BONGAIGAON,Petroleum,,571.66,2019-12-01,511.0,2022-08-31,2022-23,https://paimana-proj.mospi.gov.in/ReportPage/ViewPdf?id=48&path=Content/ArchiveReport/flash/2022-23/FR_march_2023.pdf
,STRENGTHENING OF CHURAIBARI - AGARTALA SECTION OF NH-08,Highways And Infrastructure Development Corporation,,257.96,2022-01-01,122.81,2022-08-31,2022-23,https://paimana-proj.mospi.gov.in/ReportPage/ViewPdf?id=48&path=Content/ArchiveReport/flash/2022-23/FR_march_2023.pdf
,CONSTRUCTION OF NEW INTEGRATED TERMINAL BUILDING AND,Civil Aviation,,438.28,2019-06-01,405.76,2022-11-30,2022-23,https://paimana-proj.mospi.gov.in/ReportPage/ViewPdf?id=48&path=Content/ArchiveReport/flash/2022-23/FR_march_2023.pdf
,QUAZIGUND-BANIHAL KM.220.00 TO KM.188.00,Road Transport And Highways,,1987.0,2015-07-01,3116.66,2022-11-30,2022-23,https://paimana-proj.mospi.gov.in/ReportPage/ViewPdf?id=48&path=Content/ArchiveReport/flash/2022-23/FR_march_2023.pdf
,2-LANE WITH PAVED SHOULDER WITH PROVISION OF CAPACITY,Ppp (Annuity)(National Highways Authority Of India) -,,530.07,2016-08-01,558.12,2022-11-30,2022-23,https://paimana-proj.mospi.gov.in/ReportPage/ViewPdf?id=48&path=Content/ArchiveReport/flash/2022-23/FR_march_2023.pdf
,4-LANNING OF PORBANDAR DWARKA SECTION IN THE STATE OF,Augmentation Of Rajasthan Border-Fatehpur-Sala Ppp,,1958.88,2020-06-01,1116.85,2022-11-30,2022-23,https://paimana-proj.mospi.gov.in/ReportPage/ViewPdf?id=48&path=Content/ArchiveReport/flash/2022-23/FR_march_2023.pdf
,DEVELOPMENT OF ADIQUATE ROAD CONNECTIVITY TO CHENNAI-,Road Transport And Highways,,600.0,2013-06-01,338.04,2022-12-31,2022-23,https://paimana-proj.mospi.gov.in/ReportPage/ViewPdf?id=48&path=Content/ArchiveReport/flash/2022-23/FR_march_2023.pdf
,2 LANNING OF MUZAFFARPUR - SONBARSA,Ennore Port Connectivity                 (National Highways,,511.54,2013-11-01,576.99,2022-12-31,2022-23,https://paimana-proj.mospi.gov.in/ReportPage/ViewPdf?id=48&path=Content/ArchiveReport/flash/2022-23/FR_march_2023.pdf
,SRINAGAR TO BANIHAL,Ppp (Annuity)(National Highways Authority Of India) -,,1100.7,2014-06-01,2986.32,2022-12-31,2022-23,https://paimana-proj.mospi.gov.in/ReportPage/ViewPdf?id=48&path=Content/ArchiveReport/flash/2022-23/FR_march_2023.pdf
,KRISHNANAGAR-BERHAMPUR,Ppp (Annuity)(National Highways Authority Of India) -,,702.16,2014-07-01,784.03,2022-12-31,2022-23,https://paimana-proj.mospi.gov.in/ReportPage/ViewPdf?id=48&path=Content/ArchiveReport/flash/2022-23/FR_march_2023.pdf
,CONSTN. OF 4 LANING IN KM.99.00 TO 114.375 PACKAGE-V (EPC),Ppp (Annuity)(National Highways Authority Of India) -,,247.25,2019-03-01,195.15,2022-12-31,2022-23,https://paimana-proj.mospi.gov.in/ReportPage/ViewPdf?id=48&path=Content/ArchiveReport/flash/2022-23/FR_march_2023.pdf
,CONVERSION OF RIG SAGAR SAMRAT TO MOBILE OFFSHORE,Petroleum,,861.79,2013-05-01,1681.69,2023-01-31,2022-23,https://paimana-proj.mospi.gov.in/ReportPage/ViewPdf?id=48&path=Content/ArchiveReport/flash/2022-23/FR_march_2023.pdf
,AUGMENTATION OF PARADIP-HALDIA-DURGAPUR LPG PIPELINE AND,Production Unit(Mops)                    (Oil & Natural Gas,,1823.0,2021-03-01,2494.42,2023-01-31,2022-23,https://paimana-proj.mospi.gov.in/ReportPage/ViewPdf?id=48&path=Content/ArchiveReport/flash/2022-23/FR_march_2023.pdf
,ADDITIONAL FACILITIES AT SOLAPUR FOR CONVERSION TO TOP ON,Its Extension Upto Patna And Muzaffarpur           (Indian Oil,,348.0,2021-01-01,300.86,2023-01-31,2022-23,https://paimana-proj.mospi.gov.in/ReportPage/ViewPdf?id=48&path=Content/ArchiveReport/flash/2022-23/FR_march_2023.pdf
,"180 TMTPA NEW LPG PLANT AT PATALGANGA(DIST RAIGAD),",Koyali-Manmad-Ahmednagar-Solapur Pipeline (Indian Oil,,249.26,2020-06-01,278.49,2023-01-31,2022-23,https://paimana-proj.mospi.gov.in/ReportPage/ViewPdf?id=48&path=Content/ArchiveReport/flash/2022-23/FR_march_2023.pdf
,AUGMENTATION OF MATHURA-TUNDLA PIPELINE AND ITS,Maharashtra                         (Hindustan Petroleum,,676.0,2022-08-01,621.05,2023-01-31,2022-23,https://paimana-proj.mospi.gov.in/ReportPage/ViewPdf?id=48&path=Content/ArchiveReport/flash/2022-23/FR_march_2023.pdf
,WIDENING AND STRENFTHENING OF EXISITNG SL IL TO 2 LANE,Road Transport And Highways,,191.5,2016-05-01,183.94,2023-01-31,2022-23,https://paimana-proj.mospi.gov.in/ReportPage/ViewPdf?id=48&path=Content/ArchiveReport/flash/2022-23/FR_march_2023.pdf
,CONSTRUCTION OF ROAD APPROACHES TO RAIL-CUM-ROAD,Carriageway With Paved Shoulder Including Geo,,235.48,2020-03-01,226.67,2023-01-31,2022-23,https://paimana-proj.mospi.gov.in/ReportPage/ViewPdf?id=48&path=Content/ArchiveReport/flash/2022-23/FR_march_2023.pdf
,REHABILITATION AND UP GRADATION OF EXISTING 2-LANE TO 4-,Bridge Across River Ganga At Munger Ghat Near Munge,,564.66,2021-08-01,452.72,2023-01-31,2022-23,https://paimana-proj.mospi.gov.in/ReportPage/ViewPdf?id=48&path=Content/ArchiveReport/flash/2022-23/FR_march_2023.pdf
,REHABILITATION SIX LANING UPGRADATION CHANDIKHOLE,Lane Standards To End Of Kamakhyanagar Bypas,,1522.0,2021-06-01,636.05,2023-01-31,2022-23,https://paimana-proj.mospi.gov.in/ReportPage/ViewPdf?id=48&path=Content/ArchiveReport/flash/2022-23/FR_march_2023.pdf
,CREATING INFRASTRUCTURE AT GUJARAT REFINERY AND DUMAD,Petroleum,,906.0,2020-02-01,453.07,2023-02-28,2022-23,https://paimana-proj.mospi.gov.in/ReportPage/ViewPdf?id=48&path=Content/ArchiveReport/flash/2022-23/FR_march_2023.pdf
,KEROSENE HYDROTREATER (KHT) UNIT INTEGRATED WITH,For Koyali Ahmednagar Solapur Pipeline         (Indian Oil,,697.0,2023-03-01,538.45,2023-02-28,2022-23,https://paimana-proj.mospi.gov.in/ReportPage/ViewPdf?id=48&path=Content/ArchiveReport/flash/2022-23/FR_march_2023.pdf
,DEVELOPMENT OF SIX LANE EASTERN PERIPHERAL EXPRESSWAY (,Road Transport And Highways,,771.18,2018-03-01,792.0,2023-02-28,2022-23,https://paimana-proj.mospi.gov.in/ReportPage/ViewPdf?id=48&path=Content/ArchiveReport/flash/2022-23/FR_march_2023.pdf
,WIDNG WITH PS AND STRNG FROM KM.0.00 TO 50.675 OF NH-730A,Pkg-I)                         (National Highways Authority Of,,164.54,2015-08-01,141.33,2023-02-28,2022-23,https://paimana-proj.mospi.gov.in/ReportPage/ViewPdf?id=48&path=Content/ArchiveReport/flash/2022-23/FR_march_2023.pdf
,REHABILITATION AND UPGRADING TO 2 LANE WITH PAVED,Epc Mode                         Epc(Ministry Of Road,,171.96,2016-06-01,108.0,2023-02-28,2022-23,https://paimana-proj.mospi.gov.in/ReportPage/ViewPdf?id=48&path=Content/ArchiveReport/flash/2022-23/FR_march_2023.pdf
,FOUR LANING OF TRICHY TO KALLAGAM SECTION ON NH-227 IN THE,Road Transport And Highways,,1166.26,2021-02-01,444.08,2023-03-31,2022-23,https://paimana-proj.mospi.gov.in/ReportPage/ViewPdf?id=48&path=Content/ArchiveReport/flash/2022-23/FR_march_2023.pdf
,REHABILITATION AND UPGRADATION OF NH67 FROM KM 424.650 TO,Road Transport And Highways,,378.24,2018-01-01,315.42,2021-05-31,2021-22,https://paimana-proj.mospi.gov.in/ReportPage/ViewPdf?id=36&path=Content/ArchiveReport/flash/2021-22/FR_mar_2022.pdf
,MOTOR SPIRIT BLOCK PROJECT (MSBP) TO PRODUCE BSVI MS AT,Petroleum,,3313.0,2020-02-01,2977.0,2021-06-30,2021-22,https://paimana-proj.mospi.gov.in/ReportPage/ViewPdf?id=36&path=Content/ArchiveReport/flash/2021-22/FR_mar_2022.pdf
,SECONDARY TANK FARM WITH DEHYDRATION FACILITY AND,Petroleum,,352.56,2017-03-01,455.0,2021-08-31,2021-22,https://paimana-proj.mospi.gov.in/ReportPage/ViewPdf?id=36&path=Content/ArchiveReport/flash/2021-22/FR_mar_2022.pdf
,CONSTRUCTION OF A NEW POL DEPOT AT VILLAGE DATA IN HISAR,Effluent Treatment Plant At Madhuban              (Oil India,,255.0,2020-11-01,275.68,2021-08-31,2021-22,https://paimana-proj.mospi.gov.in/ReportPage/ViewPdf?id=36&path=Content/ArchiveReport/flash/2021-22/FR_mar_2022.pdf
,FOUR LANNING OF NH-4A(NH-748) FROM KM 118 TO 125 INCL.FOUR,Road Transport And Highways,,297.0,2018-04-01,290.64,2021-08-31,2021-22,https://paimana-proj.mospi.gov.in/ReportPage/ViewPdf?id=36&path=Content/ArchiveReport/flash/2021-22/FR_mar_2022.pdf
,WIDENING AND STRENGHENING OF NH-65 TO TWO LANES WITH,Epc(Ministry Of Road Transport And Highways (State,,257.09,2015-01-01,14.18,2021-08-31,2021-22,https://paimana-proj.mospi.gov.in/ReportPage/ViewPdf?id=36&path=Content/ArchiveReport/flash/2021-22/FR_mar_2022.pdf
,REHABILITATION AND UPGRADING TO 2 LNES-2 LANE WITH PAVED,Paved Shoulders From Existing                Epc(Ministry Of,,376.52,2014-04-01,171.16,2021-08-31,2021-22,https://paimana-proj.mospi.gov.in/ReportPage/ViewPdf?id=36&path=Content/ArchiveReport/flash/2021-22/FR_mar_2022.pdf
,REHABILITATION AND UPGRADING TO 2 LANES/2 LANE WITH PAVED,Rate(Ministry Of Road Transport And Highways (State,,229.41,2018-05-01,6.65,2021-08-31,2021-22,https://paimana-proj.mospi.gov.in/ReportPage/ViewPdf?id=36&path=Content/ArchiveReport/flash/2021-22/FR_mar_2022.pdf
,NH 79 OF CHITTORGARH NEEMUCH MP BORDER KM 183 000 TO KM,Shoulders Configuration Of Nabarangpur-Kok (Ministry,,511.0,2013-10-01,2323.04,2021-08-31,2021-22,https://paimana-proj.mospi.gov.in/ReportPage/ViewPdf?id=36&path=Content/ArchiveReport/flash/2021-22/FR_mar_2022.pdf
,NH 79 CHITTORGARH NEEMUCH MP BORDER FOUR LANING AND NH,Shoulders Configuration Of Nabarangpur-Kok (Ministry,,511.0,2013-10-01,492.0,2021-08-31,2021-22,https://paimana-proj.mospi.gov.in/ReportPage/ViewPdf?id=36&path=Content/ArchiveReport/flash/2021-22/FR_mar_2022.pdf
,FOUR LANING OF CHANDIGARH - KHARAR,Shoulders Configuration Of Nabarangpur-Kok (Ministry,,447.29,2017-12-01,346.39,2021-08-31,2021-22,https://paimana-proj.mospi.gov.in/ReportPage/ViewPdf?id=36&path=Content/ArchiveReport/flash/2021-22/FR_mar_2022.pdf
,REHABILITATION AND UPGRADING TO 2 LANE WITH PAVED,Epc(Ministry Of Road Transport And Highways (State,,278.39,2014-08-01,22.18,2021-08-31,2021-22,https://paimana-proj.mospi.gov.in/ReportPage/ViewPdf?id=36&path=Content/ArchiveReport/flash/2021-22/FR_mar_2022.pdf
,STRENGTHENING AND WIDENING WORK OF EXISTING 2-LANE TO,Shoulders Configuration And Strengthening Of Anish,,206.8,2016-07-01,74.04,2021-08-31,2021-22,https://paimana-proj.mospi.gov.in/ReportPage/ViewPdf?id=36&path=Content/ArchiveReport/flash/2021-22/FR_mar_2022.pdf
,WIDENING AND STRENGTHENING OF EXISTING SL IL DL TO 2 LANE,Two Lane With Paved Shoulder And Gemetric Impr,,239.91,2017-10-01,147.25,2021-08-31,2021-22,https://paimana-proj.mospi.gov.in/ReportPage/ViewPdf?id=36&path=Content/ArchiveReport/flash/2021-22/FR_mar_2022.pdf
,REHABILITATION AND UP-GRADATION TO 2 LANE WITH PAVED,Shoulder Of Abohar-Sitogunno-Dabwali Road Of Nh,,173.24,2020-06-01,56.66,2021-08-31,2021-22,https://paimana-proj.mospi.gov.in/ReportPage/ViewPdf?id=36&path=Content/ArchiveReport/flash/2021-22/FR_mar_2022.pdf
,REHABILITATION AND UPGRADATION OF ALLAHABAD -MIRZAPUR,Shoulder Of Mudki-Jawahar Singh Wala Section Of,,239.63,2019-02-01,212.53,2021-08-31,2021-22,https://paimana-proj.mospi.gov.in/ReportPage/ViewPdf?id=36&path=Content/ArchiveReport/flash/2021-22/FR_mar_2022.pdf
,WIDENING OF SL TO 2 L KM. 107-184.80 SUKUMA TO KONTA ON NH,Flash Report,,179.89,2013-03-01,242.23,2021-08-31,2021-22,https://paimana-proj.mospi.gov.in/ReportPage/ViewPdf?id=36&path=Content/ArchiveReport/flash/2021-22/FR_mar_2022.pdf
,CONSTRUCTION OF ADDITIONAL COMPLEX FOR THE SUPREME,Urban Development,,884.3,2015-12-01,874.29,2021-08-31,2021-22,https://paimana-proj.mospi.gov.in/ReportPage/ViewPdf?id=36&path=Content/ArchiveReport/flash/2021-22/FR_mar_2022.pdf
,CONSTRUCTION OF 76 NOS MS FLATS FOR HONORABLE MPS OF,Court Of India At Land Adjoining Pragati Maidan (Central,,218.72,2020-11-01,175.63,2021-08-31,2021-22,https://paimana-proj.mospi.gov.in/ReportPage/ViewPdf?id=36&path=Content/ArchiveReport/flash/2021-22/FR_mar_2022.pdf
,REPLACEMENT OF CONVERTER SHELLS TOGETHER WITH BOTTOM,Steel,,263.36,2020-09-01,253.46,2021-09-30,2021-22,https://paimana-proj.mospi.gov.in/ReportPage/ViewPdf?id=36&path=Content/ArchiveReport/flash/2021-22/FR_mar_2022.pdf
,TRANSMISSION SYSTEM STRENGTHENING IN WR-NR TRANSMISSION,Power,,5151.37,2018-03-01,3269.93,2021-09-30,2021-22,https://paimana-proj.mospi.gov.in/ReportPage/ViewPdf?id=36&path=Content/ArchiveReport/flash/2021-22/FR_mar_2022.pdf
,TRANSMISSION SYSTEM ASSOICATED WITH TEHRI PUMP STORAGE,Corridor For Ipps In Chhattisgarh             (Power Grid,,871.62,2017-10-01,628.13,2021-09-30,2021-22,https://paimana-proj.mospi.gov.in/ReportPage/ViewPdf?id=36&path=Content/ArchiveReport/flash/2021-22/FR_mar_2022.pdf
,GREEN ENERGY CORRIDORS - INTER STATE TRANSSMISSION,Plant (Psp)                      (Power Grid Corporation Of,,3519.59,2019-05-01,2562.41,2021-09-30,2021-22,https://paimana-proj.mospi.gov.in/ReportPage/ViewPdf?id=36&path=Content/ArchiveReport/flash/2021-22/FR_mar_2022.pdf
,TRANSMISSION SYSTEM FOR ULTRA MEGA SOLAR POWER AT,Scheme Part-D                         (Power Grid,,408.46,2019-01-01,369.27,2021-09-30,2021-22,https://paimana-proj.mospi.gov.in/ReportPage/ViewPdf?id=36&path=Content/ArchiveReport/flash/2021-22/FR_mar_2022.pdf
,SUB STATION WORK ASSOCIATED WITH STRENGTHENING OF,Tumkur (Pavagada) Karnataka Phase -Ii (Part Ii)      (Power,,608.24,2019-04-01,425.04,2021-09-30,2021-22,https://paimana-proj.mospi.gov.in/ReportPage/ViewPdf?id=36&path=Content/ArchiveReport/flash/2021-22/FR_mar_2022.pdf
,BHILDI-VIRAMGAM GAUGE CONVERSION INCLUDING GC OF,Flash Report,,551.51,2019-03-01,773.12,2021-09-30,2021-22,https://paimana-proj.mospi.gov.in/ReportPage/ViewPdf?id=36&path=Content/ArchiveReport/flash/2021-22/FR_mar_2022.pdf
,D/O OF TERMINAL BLDG. AND PAVEMENT WORKS AT CHENNAI,Civil Aviation,,535.0,2010-06-01,0.01,2021-10-31,2021-22,https://paimana-proj.mospi.gov.in/ReportPage/ViewPdf?id=36&path=Content/ArchiveReport/flash/2021-22/FR_mar_2022.pdf
,PROPYLENE DERIVATIVES PETROCHEMICAL PROJECT(PDPP) AT,Petroleum,,4588.29,2018-08-01,5376.5,2021-10-31,2021-22,https://paimana-proj.mospi.gov.in/ReportPage/ViewPdf?id=36&path=Content/ArchiveReport/flash/2021-22/FR_mar_2022.pdf
,C/O STEEL STRUCTURE BUILDINGS USING PRE-ENGINEERED,Urban Development,,532.0,2020-11-01,541.0,2021-10-31,2021-22,https://paimana-proj.mospi.gov.in/ReportPage/ViewPdf?id=36&path=Content/ArchiveReport/flash/2021-22/FR_mar_2022.pdf
,ADDITIONAL FACILITIES AT MANMAD FOR COVERSION TO TOP ON,Petroleum,,212.0,2021-01-01,177.58,2021-12-31,2021-22,https://paimana-proj.mospi.gov.in/ReportPage/ViewPdf?id=36&path=Content/ArchiveReport/flash/2021-22/FR_mar_2022.pdf
,ADDITIONAL FACILITIES AT AHMEDNAGAR FOR CONVERSION TO,Koyali-Manmad-Ahmednagar-Solapur Pipeline         (Indian Oil,,261.0,2021-01-01,195.22,2021-12-31,2021-22,https://paimana-proj.mospi.gov.in/ReportPage/ViewPdf?id=36&path=Content/ArchiveReport/flash/2021-22/FR_mar_2022.pdf
,MULTI PRODUCT PIPELINE FROM BINA TERMINAL TO PANKI KANPUR,Top On Koyali-Manmad-Ahmednagar-Solapur Pipeli (Indian,,1524.06,2021-12-01,1037.45,2021-12-31,2021-22,https://paimana-proj.mospi.gov.in/ReportPage/ViewPdf?id=36&path=Content/ArchiveReport/flash/2021-22/FR_mar_2022.pdf
,TRANSMISSION SYSTEM STRENTHENNING IN INDIAN SYSTEM FOR,Flash Report,,808.63,2018-01-01,690.89,2022-02-28,2021-22,https://paimana-proj.mospi.gov.in/ReportPage/ViewPdf?id=36&path=Content/ArchiveReport/flash/2021-22/FR_mar_2022.pdf
,TOLLYGANJ-GARIA WITH EXTENSION TO DUM DUM-NOAPARA AND,Railways,,1049.69,2006-12-01,3837.57,2022-02-28,2021-22,https://paimana-proj.mospi.gov.in/ReportPage/ViewPdf?id=36&path=Content/ArchiveReport/flash/2021-22/FR_mar_2022.pdf
,ELECTRIFICATION OF KHURJA-MEERUT-SAHARANPUR AND G'BAD-,Noapara-Nscb Airport(Mtp)                 (Metropolitan,,171.1,2012-03-01,141.55,2022-02-28,2021-22,https://paimana-proj.mospi.gov.in/ReportPage/ViewPdf?id=36&path=Content/ArchiveReport/flash/2021-22/FR_mar_2022.pdf
,"MAVLI JUNCTION-BARI SADRI, MM OF AJMER- CHITTSURGARH-",Meerut                          (Railway Electrification) -,,420.18,2020-03-01,387.54,2022-02-28,2021-22,https://paimana-proj.mospi.gov.in/ReportPage/ViewPdf?id=36&path=Content/ArchiveReport/flash/2021-22/FR_mar_2022.pdf
,HOWRAH DIVISION- PLATFORM SHELTER (40 C CATEGORY,Udaipur                          (North Western Railway) -,,157.94,2018-11-01,51.75,2022-02-28,2021-22,https://paimana-proj.mospi.gov.in/ReportPage/ViewPdf?id=36&path=Content/ArchiveReport/flash/2021-22/FR_mar_2022.pdf
,"LILUAH-DANKUNI 3RD LINE, MM FOR DANKUNI-JONGALPARA-",Stations)                        (Eastern Railways) -,,257.42,2014-03-01,109.66,2022-02-28,2021-22,https://paimana-proj.mospi.gov.in/ReportPage/ViewPdf?id=36&path=Content/ArchiveReport/flash/2021-22/FR_mar_2022.pdf
,"GWALIOR-JHANSI, NH-75",Road Transport And Highways,,604.0,2009-12-01,360.15,2022-02-28,2021-22,https://paimana-proj.mospi.gov.in/ReportPage/ViewPdf?id=36&path=Content/ArchiveReport/flash/2021-22/FR_mar_2022.pdf
,CONSTRUCTION OF PAVED SHOULDERS IN KM.81/0 TO 203/0,Epc(Ministry Of Road Transport And Highways (State,,258.97,2015-08-01,229.77,2022-02-28,2021-22,https://paimana-proj.mospi.gov.in/ReportPage/ViewPdf?id=36&path=Content/ArchiveReport/flash/2021-22/FR_mar_2022.pdf
,FOUR LANING FROM MPMAHARASHTRA BORDER TO NAGPUR IC,Epc(Ministry Of Road Transport And Highways (State,,1170.52,2012-06-01,2051.36,2022-02-28,2021-22,https://paimana-proj.mospi.gov.in/ReportPage/ViewPdf?id=36&path=Content/ArchiveReport/flash/2021-22/FR_mar_2022.pdf
,"SETTING UP OF FACILITIES FOR PRODUCTION OF POLYOLS,",Petroleum,,11130.0,2023-03-01,425.3,2022-03-31,2021-22,https://paimana-proj.mospi.gov.in/ReportPage/ViewPdf?id=36&path=Content/ArchiveReport/flash/2021-22/FR_mar_2022.pdf
,JAMMU-UDHAMPUR KM.27.5 TO KM.67.00,Road Transport And Highways,,1813.76,2013-07-01,2656.47,2022-03-31,2021-22,https://paimana-proj.mospi.gov.in/ReportPage/ViewPdf?id=36&path=Content/ArchiveReport/flash/2021-22/FR_mar_2022.pdf
,REDEVELOPMENT/ EXPANSION OF MEERUT DEPOT FOR ENHANCING,Petroleum,,154.84,2019-11-01,128.71,2020-04-30,2020-21,https://paimana-proj.mospi.gov.in/ReportPage/ViewPdf?id=24&path=Content/ArchiveReport/flash/2020-21/FR_mar_2021.pdf
,NEELAM REDEVELOPMENT PLAN FOR EXPLOITATION OF BASSEIN,Petroleum,,2818.88,2019-03-01,2907.03,2020-07-31,2020-21,https://paimana-proj.mospi.gov.in/ReportPage/ViewPdf?id=24&path=Content/ArchiveReport/flash/2020-21/FR_mar_2021.pdf
,REHABILITATION AND UPGRADATION OF NH-4 FROM NALAGAMPALLI,Road Transport And Highways,,648.32,2020-03-01,511.34,2020-07-31,2020-21,https://paimana-proj.mospi.gov.in/ReportPage/ViewPdf?id=24&path=Content/ArchiveReport/flash/2020-21/FR_mar_2021.pdf
,CONSTRUCTION OF MEDICAL COLLEGE AND HOSPITAL AT,Urban Development,,768.88,2014-02-01,1125.98,2020-07-31,2020-21,https://paimana-proj.mospi.gov.in/ReportPage/ViewPdf?id=24&path=Content/ArchiveReport/flash/2020-21/FR_mar_2021.pdf
,CONSTRUCTION OF PARAMEDICAL AND ALLIED HEALTH INSTITUTE,Gulbarga                          (Hindustan Steelwork,,324.87,2015-12-01,270.24,2020-07-31,2020-21,https://paimana-proj.mospi.gov.in/ReportPage/ViewPdf?id=24&path=Content/ArchiveReport/flash/2020-21/FR_mar_2021.pdf
,CONSTRUCTION OF PERMANENT CAMPUS OF IISER KOLKATA AT,At Gulbarga                    (Hindustan Steelwork,,156.57,2016-08-01,159.35,2020-07-31,2020-21,https://paimana-proj.mospi.gov.in/ReportPage/ViewPdf?id=24&path=Content/ArchiveReport/flash/2020-21/FR_mar_2021.pdf
,UPGRADATION OF CRUDE OIL PUMP STATIONS OF NAHARKATIYA-,Petroleum,,871.35,2015-03-01,565.63,2020-08-31,2020-21,https://paimana-proj.mospi.gov.in/ReportPage/ViewPdf?id=24&path=Content/ArchiveReport/flash/2020-21/FR_mar_2021.pdf
,CONSTRUCTION OF RURAL ROADS WITH FIVE YEAR MAINTEINANCE,Urban Development,,253.92,2016-06-01,1113.24,2020-08-31,2020-21,https://paimana-proj.mospi.gov.in/ReportPage/ViewPdf?id=24&path=Content/ArchiveReport/flash/2020-21/FR_mar_2021.pdf
,CONSTRUCTION OF RURAL ROAD DEVELOPMENT AUTHORITY,Under Pmgsy-Jharkhand                (Hindustan,,787.29,2016-12-01,285.3,2020-08-31,2020-21,https://paimana-proj.mospi.gov.in/ReportPage/ViewPdf?id=24&path=Content/ArchiveReport/flash/2020-21/FR_mar_2021.pdf
,CONSTRUCTION OF CIVIL STRUCTURES AND OTHER,Under Phase-Xii                      (Hindustan Steelwork,,154.0,2015-11-01,280.32,2020-08-31,2020-21,https://paimana-proj.mospi.gov.in/ReportPage/ViewPdf?id=24&path=Content/ArchiveReport/flash/2020-21/FR_mar_2021.pdf
,INSTALLATION OF ADDITIONAL CRUDE TANKS (7 NOS) AT PARADIP,Petroleum,,429.0,2019-01-01,373.62,2020-12-31,2020-21,https://paimana-proj.mospi.gov.in/ReportPage/ViewPdf?id=24&path=Content/ArchiveReport/flash/2020-21/FR_mar_2021.pdf
,MDPL CAPACITY EXPANSION AND PALANPUR VADODARA PIPELINE,Petroleum,,1879.0,2020-06-01,1694.25,2021-01-31,2020-21,https://paimana-proj.mospi.gov.in/ReportPage/ViewPdf?id=24&path=Content/ArchiveReport/flash/2020-21/FR_mar_2021.pdf
,2 LANING OF SINGER RIVER TO SIZOH NALA IN ARUNACHAL,Highways And Infrastructure Development Corporation,,179.82,2019-01-01,199.53,2021-01-31,2020-21,https://paimana-proj.mospi.gov.in/ReportPage/ViewPdf?id=24&path=Content/ArchiveReport/flash/2020-21/FR_mar_2021.pdf
,CONSTRUCTION OF MECHI BRIDGE AND APPROACHES ON INDIA-,Highways And Infrastructure Development Corporation,,158.65,2018-06-01,110.62,2021-01-31,2020-21,https://paimana-proj.mospi.gov.in/ReportPage/ViewPdf?id=24&path=Content/ArchiveReport/flash/2020-21/FR_mar_2021.pdf
,WIDENING FROM TWO LANE TO FOUR LANE WITH PAVED SHOULDER,Highways And Infrastructure Development Corporation,,223.67,2017-02-01,112.81,2021-01-31,2020-21,https://paimana-proj.mospi.gov.in/ReportPage/ViewPdf?id=24&path=Content/ArchiveReport/flash/2020-21/FR_mar_2021.pdf
,MODERNISATION OF STEEL MELTING SHOP NO.1 AT BOKARO STEEL,Steel,,1154.18,2017-12-01,1027.04,2021-02-28,2020-21,https://paimana-proj.mospi.gov.in/ReportPage/ViewPdf?id=24&path=Content/ArchiveReport/flash/2020-21/FR_mar_2021.pdf
,"FUEL QUALITY UPGRADATION (NSU,NHT CCR NEW UNIT) PROJECT",Petroleum,,951.64,2019-10-01,708.43,2021-03-31,2020-21,https://paimana-proj.mospi.gov.in/ReportPage/ViewPdf?id=24&path=Content/ArchiveReport/flash/2020-21/FR_mar_2021.pdf
,"KHADIA EXPANSION OPENCAST PROJECT(4 TO 10 MTPA,6MTPA",Coal,,1131.28,2018-03-01,796.85,2019-04-30,2019-20,https://paimana-proj.mospi.gov.in/ReportPage/ViewPdf?id=12&path=Content/ArchiveReport/flash/2019-20/FR_march_2020.pdf
,DISTILLATE YIELD IMPROVEMENT PROJECT (COKER) AT HALDIA,Petroleum,,3076.0,2017-09-01,3450.3,2019-04-30,2019-20,https://paimana-proj.mospi.gov.in/ReportPage/ViewPdf?id=12&path=Content/ArchiveReport/flash/2019-20/FR_march_2020.pdf
,JAIPUR - RINGUS - CHURU AND SIKAR - LOHARU GUAGE,Railways,,653.19,2014-03-01,862.17,2019-04-30,2019-20,https://paimana-proj.mospi.gov.in/ReportPage/ViewPdf?id=12&path=Content/ArchiveReport/flash/2019-20/FR_march_2020.pdf
,PHALODI -JAISALMER SECTION OF NH-15 TO TWO/FOUR LANE WITH,Road Transport And Highways,,567.51,2018-03-01,421.6,2019-04-30,2019-20,https://paimana-proj.mospi.gov.in/ReportPage/ViewPdf?id=12&path=Content/ArchiveReport/flash/2019-20/FR_march_2020.pdf
,JORBAT - BARAPANI,Road Transport And Highways,,536.0,2014-01-01,845.41,2019-05-31,2019-20,https://paimana-proj.mospi.gov.in/ReportPage/ViewPdf?id=12&path=Content/ArchiveReport/flash/2019-20/FR_march_2020.pdf
,REHABILATION AND UPGRADATION OF NH-222(61) FOM KM 284 TO,Ppp (Annuity)(National Highways Authority Of India) -,,260.39,2016-11-01,188.0,2019-05-31,2019-20,https://paimana-proj.mospi.gov.in/ReportPage/ViewPdf?id=12&path=Content/ArchiveReport/flash/2019-20/FR_march_2020.pdf
,2 LANING OF SHILLONG NONGSTOIN SECTION OF NH 44 AND,Shoulders Configuration Of Pratapgarh-Padi (Ministry,,1494.48,2011-02-01,2158.5,2019-05-31,2019-20,https://paimana-proj.mospi.gov.in/ReportPage/ViewPdf?id=12&path=Content/ArchiveReport/flash/2019-20/FR_march_2020.pdf
,ALLAHABAD TO UP/MP BORDER SECTION OF NH-27 IN UTTAR,Nongstoin Tura State Road Under Phase A Of Sa Item,,774.57,2018-03-01,613.58,2019-05-31,2019-20,https://paimana-proj.mospi.gov.in/ReportPage/ViewPdf?id=12&path=Content/ArchiveReport/flash/2019-20/FR_march_2020.pdf
,SHAHDOL TO ANUPPUR-MP/CHATTISGARH BORDER SECTION OF NH-,Pradesh                             Epc(Ministry Of Road,,532.49,2017-05-01,386.02,2019-05-31,2019-20,https://paimana-proj.mospi.gov.in/ReportPage/ViewPdf?id=12&path=Content/ArchiveReport/flash/2019-20/FR_march_2020.pdf
,STRENGTHENING AND CONSTRUCTION OF PAVED SHOULDERS,Rate(Ministry Of Road Transport And Highways (State,,176.22,2018-02-01,0.1,2019-05-31,2019-20,https://paimana-proj.mospi.gov.in/ReportPage/ViewPdf?id=12&path=Content/ArchiveReport/flash/2019-20/FR_march_2020.pdf
,TWO LANING OF HOJ POTIN SECTION OF NH 229 (19.06 KM) IN,Rate(Ministry Of Road Transport And Highways (State,,165.0,2010-09-01,174.57,2019-05-31,2019-20,https://paimana-proj.mospi.gov.in/ReportPage/ViewPdf?id=12&path=Content/ArchiveReport/flash/2019-20/FR_march_2020.pdf
,TWO LANING OF YUPIA - HOJ SECTION (20.40 KM) IN ARUNACHAL,Arunachal Pradesh Under Arunachal Pradesh Pa Item,,104.0,2010-09-01,218.29,2019-05-31,2019-20,https://paimana-proj.mospi.gov.in/ReportPage/ViewPdf?id=12&path=Content/ArchiveReport/flash/2019-20/FR_march_2020.pdf
,REHABILITATION AND UPGRADING TO 2 LANE WITH PAVED,Lanes With Paved Side Shoulders Of Faridkot-Ko Epc() -,,377.64,2014-03-01,755.28,2019-05-31,2019-20,https://paimana-proj.mospi.gov.in/ReportPage/ViewPdf?id=12&path=Content/ArchiveReport/flash/2019-20/FR_march_2020.pdf
,REHABILITATION AND UPGRADING TO 2 LANES/2 LANE WITH PAVED,Shoulders Configuration And Strengthening Of Anish,,322.01,2014-08-01,267.0,2019-05-31,2019-20,https://paimana-proj.mospi.gov.in/ReportPage/ViewPdf?id=12&path=Content/ArchiveReport/flash/2019-20/FR_march_2020.pdf
,GONDA - BAHRAICH (60 KIMS.) OF GONDA-BAHRAICH-SITAPUR-,Chandigarh                        (Northern Railway) -,,233.0,1999-04-01,349.37,2019-06-30,2019-20,https://paimana-proj.mospi.gov.in/ReportPage/ViewPdf?id=12&path=Content/ArchiveReport/flash/2019-20/FR_march_2020.pdf
,WIDENING TO 2L FROM 228/70 TO 258/70 AND 286/70 TO 327/70 OF VR,Road Transport And Highways,,229.29,2015-11-01,163.4,2019-08-31,2019-20,https://paimana-proj.mospi.gov.in/ReportPage/ViewPdf?id=12&path=Content/ArchiveReport/flash/2019-20/FR_march_2020.pdf
,FUEL QUALITY UPGRADATION (DHDT/PRIME G) PROJECT AT,Petroleum,,822.66,2018-11-01,822.02,2019-10-31,2019-20,https://paimana-proj.mospi.gov.in/ReportPage/ViewPdf?id=12&path=Content/ArchiveReport/flash/2019-20/FR_march_2020.pdf
,"FIELD DEVELOPMENT OF NELP BLOCK KG-ONN-2003,",Barauni Refinery                      (Indian Oil Corporation,,420.76,2018-09-01,239.45,2019-10-31,2019-20,https://paimana-proj.mospi.gov.in/ReportPage/ViewPdf?id=12&path=Content/ArchiveReport/flash/2019-20/FR_march_2020.pdf
,INSTALLATION OF BUS REACTORS AT CUDDAPAH NELLORE,Power,,251.6,2019-06-01,192.74,2019-10-31,2019-20,https://paimana-proj.mospi.gov.in/ReportPage/ViewPdf?id=12&path=Content/ArchiveReport/flash/2019-20/FR_march_2020.pdf
,2 LANNING OF MOKAMA-MUNGER,Road Transport And Highways,,351.54,2013-05-01,329.4,2019-11-30,2019-20,https://paimana-proj.mospi.gov.in/ReportPage/ViewPdf?id=12&path=Content/ArchiveReport/flash/2019-20/FR_march_2020.pdf
,DEVELOPMENT OF SIX LANE EASTERN PERIPHERAL EXPRESSWAY (,Pkg-Iii)                  (National Highways Authority Of,,785.78,2018-03-01,839.0,2019-11-30,2019-20,https://paimana-proj.mospi.gov.in/ReportPage/ViewPdf?id=12&path=Content/ArchiveReport/flash/2019-20/FR_march_2020.pdf
,JAIPUR-PANIPAT NAPTHA PIPELINE ALONG WITH AUGMENTATION OF,Petroleum,,890.0,2019-10-01,609.29,2019-12-31,2019-20,https://paimana-proj.mospi.gov.in/ReportPage/ViewPdf?id=12&path=Content/ArchiveReport/flash/2019-20/FR_march_2020.pdf
,CONSTRUCTION OF SOUTHERN REGIONAL CENTER FOR NSG AT,Urban Development,,157.84,2017-03-01,167.23,2019-12-31,2019-20,https://paimana-proj.mospi.gov.in/ReportPage/ViewPdf?id=12&path=Content/ArchiveReport/flash/2019-20/FR_march_2020.pdf
,CONSTRUCTION OF FLYOVER-UNDERPASS BETWEEN NORTHERN,Ibrahimpatnam Hyderabad                (Central Public,,188.0,2019-06-01,146.45,2019-12-31,2019-20,https://paimana-proj.mospi.gov.in/ReportPage/ViewPdf?id=12&path=Content/ArchiveReport/flash/2019-20/FR_march_2020.pdf
,CONSTRUCTION OF ONE ETP AND THREE ETPS CUM WATER,Petroleum,,202.94,2014-01-01,193.03,2020-01-31,2019-20,https://paimana-proj.mospi.gov.in/ReportPage/ViewPdf?id=12&path=Content/ArchiveReport/flash/2019-20/FR_march_2020.pdf
,UPGRADATION OF NATIONAL FIRE SERVICES COLLEGE AT NAGPUR,Urban Development,,205.0,2012-03-01,166.12,2020-02-29,2019-20,https://paimana-proj.mospi.gov.in/ReportPage/ViewPdf?id=12&path=Content/ArchiveReport/flash/2019-20/FR_march_2020.pdf
,ESTABLISHMENT OF FIBER OPTIC COMMUNICATION SYSTEM IN,Power,,198.63,2014-09-01,127.13,2018-04-30,2018-19,https://paimana-proj.mospi.gov.in/ReportPage/ViewPdf?id=152&path=Content/ArchiveReport/flash/2018-19/FR_mar_Report_2019.pdf
,REMOVAL OF CONSTRAINTS IN 400KV BAYS EXTENSIONS AT 400KV,Northern Region                     (Power Grid,,207.88,2018-07-01,17.0,2018-04-30,2018-19,https://paimana-proj.mospi.gov.in/ReportPage/ViewPdf?id=152&path=Content/ArchiveReport/flash/2018-19/FR_mar_Report_2019.pdf
,FUEL QUALITY UPGRADATION (DHDT/DHDS) PROJECT AT GUJARAT,Petroleum,,931.0,2017-07-01,684.74,2018-05-31,2018-19,https://paimana-proj.mospi.gov.in/ReportPage/ViewPdf?id=152&path=Content/ArchiveReport/flash/2018-19/FR_mar_Report_2019.pdf
,AUGMENTATION OF TRANSFORMATION CAPACITY IN SOUTHERN,Power,,167.75,2019-04-01,86.62,2018-06-30,2018-19,https://paimana-proj.mospi.gov.in/ReportPage/ViewPdf?id=152&path=Content/ArchiveReport/flash/2018-19/FR_mar_Report_2019.pdf
,NEW CRUDE OIL PIPELINE PROJECT FROM CHENNAI PORT TO,Petroleum,,257.87,2016-11-01,243.3,2018-09-30,2018-19,https://paimana-proj.mospi.gov.in/ReportPage/ViewPdf?id=152&path=Content/ArchiveReport/flash/2018-19/FR_mar_Report_2019.pdf
,LAYING OF HEAT TRACED PIPE LINE WITH ASSOCIATED FACILITIES,Manali Refinery                        (Chennai Petroleum,,337.06,2018-08-01,167.16,2018-09-30,2018-19,https://paimana-proj.mospi.gov.in/ReportPage/ViewPdf?id=152&path=Content/ArchiveReport/flash/2018-19/FR_mar_Report_2019.pdf
,TRANSMISSION SYSTEM FOR ULTRA MEGA SOLAR POWER AT,Power,,810.48,2018-12-01,528.5,2018-09-30,2018-19,https://paimana-proj.mospi.gov.in/ReportPage/ViewPdf?id=152&path=Content/ArchiveReport/flash/2018-19/FR_mar_Report_2019.pdf
,2-LANNING WITH PS KHAGARIA-PURNEA,Road Transport And Highways,,664.0,2014-02-01,654.59,2018-09-30,2018-19,https://paimana-proj.mospi.gov.in/ReportPage/ViewPdf?id=152&path=Content/ArchiveReport/flash/2018-19/FR_mar_Report_2019.pdf
,TWO LANING WITH PAVED SHOULDER BARMER - SANCHOR -,Ppp (Annuity)(National Highways Authority Of India) -,,538.08,2018-02-01,335.24,2018-09-30,2018-19,https://paimana-proj.mospi.gov.in/ReportPage/ViewPdf?id=152&path=Content/ArchiveReport/flash/2018-19/FR_mar_Report_2019.pdf
,DEVELOPMENT OF SIX LANE EASTERN PERIPHERAL EXPRESSWAY (,Pkg-V)                       (National Highways Authority Of,,789.31,2018-03-01,867.54,2018-09-30,2018-19,https://paimana-proj.mospi.gov.in/ReportPage/ViewPdf?id=152&path=Content/ArchiveReport/flash/2018-19/FR_mar_Report_2019.pdf
,FOUR LANING OF ORISSA/CHATTISGARH BORDER - AURANG,Pkg-Iv)                      (National Highways Authority Of,,1232.0,2015-08-01,1091.17,2018-09-30,2018-19,https://paimana-proj.mospi.gov.in/ReportPage/ViewPdf?id=152&path=Content/ArchiveReport/flash/2018-19/FR_mar_Report_2019.pdf
,LAYING OF HEAT TRACED PIPE LINE WITH ASSOCIATED FACILITIES,Petroleum,,193.4,2019-01-01,106.79,2018-11-30,2018-19,https://paimana-proj.mospi.gov.in/ReportPage/ViewPdf?id=152&path=Content/ArchiveReport/flash/2018-19/FR_mar_Report_2019.pdf
,GREEN ENERGY CORRIDORS: INTER-STATE TRANSMISSION,Power,,2247.37,2018-07-01,1531.89,2018-12-31,2018-19,https://paimana-proj.mospi.gov.in/ReportPage/ViewPdf?id=152&path=Content/ArchiveReport/flash/2018-19/FR_mar_Report_2019.pdf
,COMMON SYSTEM ASSOCIATED WITH COASTAL ENERGEN PRIVATE,Power,,1940.13,2014-09-01,2562.42,2019-03-31,2018-19,https://paimana-proj.mospi.gov.in/ReportPage/ViewPdf?id=152&path=Content/ArchiveReport/flash/2018-19/FR_mar_Report_2019.pdf
,AUGMENTATION OF TRANSFORMERS IN NORTHERN REGION - PART,Limited And Ind-Barath Power(Madras) Limited L (Power,,155.57,2016-03-01,146.32,2019-03-31,2018-19,https://paimana-proj.mospi.gov.in/ReportPage/ViewPdf?id=152&path=Content/ArchiveReport/flash/2018-19/FR_mar_Report_2019.pdf
,TRANSMISSION SYSTEM STRENGTHENING ASSOCIATED WITH,B                            (Power Grid Corporation Of India,,300.94,2018-12-01,253.36,2019-03-31,2018-19,https://paimana-proj.mospi.gov.in/ReportPage/ViewPdf?id=152&path=Content/ArchiveReport/flash/2018-19/FR_mar_Report_2019.pdf
,PROVISION OF STATECOM AT NALAGARH AND LUCKNOW IN,Mundra Umpp (Part-B)                      (Power Grid,,431.89,2019-02-01,264.06,2019-03-31,2018-19,https://paimana-proj.mospi.gov.in/ReportPage/ViewPdf?id=152&path=Content/ArchiveReport/flash/2018-19/FR_mar_Report_2019.pdf
,SUB-STATION WORKS ASSOCIATED WITH SYSTEM STRENGTHENING,Power,,972.42,2017-11-01,92.2,2017-04-30,2017-18,https://paimana-proj.mospi.gov.in/ReportPage/ViewPdf?id=140&path=Content/ArchiveReport/flash/2017-18/FR_march_2018.pdf
,INSTALLATION OF DIESEL HYDROTREATMENT UNIT (DHT) AND,Petroleum,,1714.0,2017-06-01,1067.89,2017-09-30,2017-18,https://paimana-proj.mospi.gov.in/ReportPage/ViewPdf?id=140&path=Content/ArchiveReport/flash/2017-18/FR_march_2018.pdf
,WR-NR HVDC INTERCONNECTOR FOR IPP PROJECTS IN,Power,,9569.76,2015-06-01,7311.17,2017-09-30,2017-18,https://paimana-proj.mospi.gov.in/ReportPage/ViewPdf?id=140&path=Content/ArchiveReport/flash/2017-18/FR_march_2018.pdf
,INSTALLATION OF DEMONSTRATION UNIT OF INDA DEPT AT,Petroleum,,163.88,2016-07-01,82.45,2017-10-31,2017-18,https://paimana-proj.mospi.gov.in/ReportPage/ViewPdf?id=140&path=Content/ArchiveReport/flash/2017-18/FR_march_2018.pdf
,CONSTRUCTION OF NISM CAMPUS AT PATALGANGA RASAYANI,Urban Development,,315.0,2015-06-01,302.82,2017-10-31,2017-18,https://paimana-proj.mospi.gov.in/ReportPage/ViewPdf?id=140&path=Content/ArchiveReport/flash/2017-18/FR_march_2018.pdf
,IMPLEMENTATION OF 50 MW WIND POWER PROJECT AT RAJASTHAN,Mines,,344.5,2016-11-01,344.5,2017-11-30,2017-18,https://paimana-proj.mospi.gov.in/ReportPage/ViewPdf?id=140&path=Content/ArchiveReport/flash/2017-18/FR_march_2018.pdf
,TRANSMISSION SYSTEM STRENTHENING ASSOCIATED WITH,Power,,244.19,2018-07-01,123.33,2017-11-30,2017-18,https://paimana-proj.mospi.gov.in/ReportPage/ViewPdf?id=140&path=Content/ArchiveReport/flash/2017-18/FR_march_2018.pdf
,SAFDARJUNG HOSPITAL RE-DEVELOPMENT AND OTHERS -SUPER,Health And Family Welfare,,444.7,2015-12-01,326.3,2017-12-31,2017-18,https://paimana-proj.mospi.gov.in/ReportPage/ViewPdf?id=140&path=Content/ArchiveReport/flash/2017-18/FR_march_2018.pdf
,"SAFDARJUNG HOSPITAL, NEW DELHI-REDEVELOPMENT and",Speciality Block                (Hospital Services,,196.7,2016-01-01,170.0,2017-12-31,2017-18,https://paimana-proj.mospi.gov.in/ReportPage/ViewPdf?id=140&path=Content/ArchiveReport/flash/2017-18/FR_march_2018.pdf
,RAMANAGRAM-MYSORE DOUBLING WITH ELECTRIFICATION OF,Railways,,482.0,2013-03-01,992.61,2018-02-28,2017-18,https://paimana-proj.mospi.gov.in/ReportPage/ViewPdf?id=140&path=Content/ArchiveReport/flash/2017-18/FR_march_2018.pdf
,SURATPURA - HANUMANGARH - SRIGANGANAGAR GUAGE,Kengesii- Musore (Swr)                    (South Western,,516.23,2014-03-01,694.13,2018-02-28,2017-18,https://paimana-proj.mospi.gov.in/ReportPage/ViewPdf?id=140&path=Content/ArchiveReport/flash/2017-18/FR_march_2018.pdf
,TRANSMISSION SYSTEM FOR DEVELOPMENT OF POOLING STN. IN,Power,,4404.57,2015-01-01,3700.95,2018-03-31,2017-18,https://paimana-proj.mospi.gov.in/ReportPage/ViewPdf?id=140&path=Content/ArchiveReport/flash/2017-18/FR_march_2018.pdf
,CONNECTIVITY FOR KUDANKULAM 3 AND 4 (2000MW) WITH,Nr Part Of West Bengal And Transfer Of Power (Power,,162.11,2018-05-01,125.0,2018-03-31,2017-18,https://paimana-proj.mospi.gov.in/ReportPage/ViewPdf?id=140&path=Content/ArchiveReport/flash/2017-18/FR_march_2018.pdf
,2-LANING WITH PAVED SHOULDER OF RAEBARELI TO JAUNPUR,Road Transport And Highways,,569.38,2016-06-01,737.59,2016-04-30,2016-17,https://paimana-proj.mospi.gov.in/ReportPage/ViewPdf?id=128&path=Content/ArchiveReport/flash/2016-17/FR_march_2017.pdf
,ACADEMIC CUM RESIDENTIAL CAMPUS AT HARINGHANTA KALYANI,Urban Development,,225.81,2012-06-01,143.72,2016-05-31,2016-17,https://paimana-proj.mospi.gov.in/ReportPage/ViewPdf?id=128&path=Content/ArchiveReport/flash/2016-17/FR_march_2017.pdf
,RESIDENTIAL AND OTHER COMPLEXES FOR THE CAMPUS OF IIT,Wb For Iiser Kolkata             (Central Public Works,,171.1,2014-09-01,192.24,2016-05-31,2016-17,https://paimana-proj.mospi.gov.in/ReportPage/ViewPdf?id=128&path=Content/ArchiveReport/flash/2016-17/FR_march_2017.pdf
,TRANSMISSION SYSTEM ASSOCIATED WITH KRISHNAPATNAM UMPP-,Power,,1927.16,2014-10-01,1642.57,2016-07-31,2016-17,https://paimana-proj.mospi.gov.in/ReportPage/ViewPdf?id=128&path=Content/ArchiveReport/flash/2016-17/FR_march_2017.pdf
,REENGUS SIKAR,Road Transport And Highways,,333.51,2014-09-01,226.96,2016-07-31,2016-17,https://paimana-proj.mospi.gov.in/ReportPage/ViewPdf?id=128&path=Content/ArchiveReport/flash/2016-17/FR_march_2017.pdf
,INSTALLATION OF 45MVA SAF T WITH OTHER ASSOCIATED,Steel,,187.33,2013-10-01,183.07,2016-11-30,2016-17,https://paimana-proj.mospi.gov.in/ReportPage/ViewPdf?id=128&path=Content/ArchiveReport/flash/2016-17/FR_march_2017.pdf
,TR. SYS. FOR PHASE-I PROJ. IN JHARKHAN AND WEST BENGAL,Power,,3201.44,2014-10-01,3500.21,2016-11-30,2016-17,https://paimana-proj.mospi.gov.in/ReportPage/ViewPdf?id=128&path=Content/ArchiveReport/flash/2016-17/FR_march_2017.pdf
,SUB-STATION EXT. WORKS ASSOCIATED WITH TRANS. SYSTEM,Part-B                        (Power Grid Corporation Of,,167.4,2015-12-01,121.3,2016-11-30,2016-17,https://paimana-proj.mospi.gov.in/ReportPage/ViewPdf?id=128&path=Content/ArchiveReport/flash/2016-17/FR_march_2017.pdf
,VKPL UPGRADATION AND LAYING OF SPURLINE (TO BHILWARA AND,Petroleum,,463.32,2011-06-01,415.56,2016-12-31,2016-17,https://paimana-proj.mospi.gov.in/ReportPage/ViewPdf?id=128&path=Content/ArchiveReport/flash/2016-17/FR_march_2017.pdf
,CONSTRUCTION OF EXTENSION BUILDING TO PARLIAMENT HOUSE,Urban Development,,261.85,2013-05-01,235.0,2017-01-31,2016-17,https://paimana-proj.mospi.gov.in/ReportPage/ViewPdf?id=128&path=Content/ArchiveReport/flash/2016-17/FR_march_2017.pdf
,WIDENING AND STRENGTHENING TO 2-LANE WITH PS OF NIMBI,Road Transport And Highways,,368.15,2016-01-01,231.79,2017-02-28,2016-17,https://paimana-proj.mospi.gov.in/ReportPage/ViewPdf?id=128&path=Content/ArchiveReport/flash/2016-17/FR_march_2017.pdf
,ENHANCEMENT OF PRODUCTION CAPACITY AT BOLANI IRON ORE,Steel,,254.55,2013-11-01,135.89,2015-06-30,2015-16,https://paimana-proj.mospi.gov.in/ReportPage/ViewPdf?id=116&path=Content/ArchiveReport/flash/2015-16/FR_mar_2016.pdf
,TRANSMISSION SYSTEM FOR IPP GENERATION PROJECTS IN MP,Power,,1366.34,2013-12-01,1320.96,2015-06-30,2015-16,https://paimana-proj.mospi.gov.in/ReportPage/ViewPdf?id=116&path=Content/ArchiveReport/flash/2015-16/FR_mar_2016.pdf
,"UP-GRADATION OF KONABAN GGS AND PIPELINE GRID PROJECT,",Petroleum,,288.04,2012-08-01,229.16,2015-08-31,2015-16,https://paimana-proj.mospi.gov.in/ReportPage/ViewPdf?id=116&path=Content/ArchiveReport/flash/2015-16/FR_mar_2016.pdf
,SYSTEM STRENGTHENING COMMON FOR WR AND NR (LINE BAYS,Power,,213.78,2014-03-01,204.54,2015-09-30,2015-16,https://paimana-proj.mospi.gov.in/ReportPage/ViewPdf?id=116&path=Content/ArchiveReport/flash/2015-16/FR_mar_2016.pdf
,DEVELOPMENT OF CHANDIGARH INTERNATIONAL AIRPORT(MOHALI),Civil Aviation,,452.0,2015-03-01,449.41,2015-10-31,2015-16,https://paimana-proj.mospi.gov.in/ReportPage/ViewPdf?id=116&path=Content/ArchiveReport/flash/2015-16/FR_mar_2016.pdf
,TRANSMISSION SYSTEM FOR PHASE-I GENERATION PROJECTS IN,Power,,2743.19,2013-12-01,2827.0,2015-10-31,2015-16,https://paimana-proj.mospi.gov.in/ReportPage/ViewPdf?id=116&path=Content/ArchiveReport/flash/2015-16/FR_mar_2016.pdf
,ESTABLISHMENT OF AIRPORT OPERATIONS CONTROL CENTRES AT,Civil Aviation,,344.28,2014-03-01,80.6,2015-12-31,2015-16,https://paimana-proj.mospi.gov.in/ReportPage/ViewPdf?id=116&path=Content/ArchiveReport/flash/2015-16/FR_mar_2016.pdf
,"REBUILDING OF COKE OVEN BATTERY-3 AT RSP, ROURKELA,",Steel,,237.09,2014-12-01,221.88,2016-01-31,2015-16,https://paimana-proj.mospi.gov.in/ReportPage/ViewPdf?id=116&path=Content/ArchiveReport/flash/2015-16/FR_mar_2016.pdf
,INSTALLATION OF ADDITIONAL HEAT TREATMENT FACILITIES IN SPP,Oddisha                         (Steel Authority Of India,,160.48,2014-09-01,143.89,2016-01-31,2015-16,https://paimana-proj.mospi.gov.in/ReportPage/ViewPdf?id=116&path=Content/ArchiveReport/flash/2015-16/FR_mar_2016.pdf
,TRANSMISSION SYSTEM FOR PHASE-I GEN PROJECT IN ORISSA -,Power,,2074.86,2013-03-01,1975.94,2016-01-31,2015-16,https://paimana-proj.mospi.gov.in/ReportPage/ViewPdf?id=116&path=Content/ArchiveReport/flash/2015-16/FR_mar_2016.pdf
,DEVELOPMENT OF STATE HIGHWAYS IN THE STATE OF BIHAR,Urban Development,,2727.89,2010-03-01,2709.0,2016-01-31,2015-16,https://paimana-proj.mospi.gov.in/ReportPage/ViewPdf?id=116&path=Content/ArchiveReport/flash/2015-16/FR_mar_2016.pdf
,"COLD REPAIR OF COKE OVEN BATTERY-9 AT BSP, BHILAI,",Steel,,332.65,2014-08-01,237.86,2016-03-31,2015-16,https://paimana-proj.mospi.gov.in/ReportPage/ViewPdf?id=116&path=Content/ArchiveReport/flash/2015-16/FR_mar_2016.pdf
,CONSTRUCTION AND DEVELOPMENT OF 2 OFFSHORE,Shipping And Ports,,1228.0,2010-12-01,1038.0,2016-12-31,2015-16,https://paimana-proj.mospi.gov.in/ReportPage/ViewPdf?id=116&path=Content/ArchiveReport/flash/2015-16/FR_mar_2016.pdf
,"PARADIP REFINERY PROJECT 02/2009 29,777.00 11/2012",Petroleum,,34555.0,2016-02-01,31427.9,2016-12-31,2015-16,https://paimana-proj.mospi.gov.in/ReportPage/ViewPdf?id=116&path=Content/ArchiveReport/flash/2015-16/FR_mar_2016.pdf
,MURAIDIH UG TURN-KEY PROJECT 339.88 339.88 04/2014 03/,Nlc,,2016.0,2016-06-01,3.0,2016-12-31,2015-16,https://paimana-proj.mospi.gov.in/ReportPage/ViewPdf?id=116&path=Content/ArchiveReport/flash/2015-16/FR_mar_2016.pdf
,KULDA OCP (MAHANADI COALFIELDS LTD) 302.96 302.96 03/2010 03/,Bccl,,2016.0,2017-03-01,12.0,2016-12-31,2015-16,https://paimana-proj.mospi.gov.in/ReportPage/ViewPdf?id=116&path=Content/ArchiveReport/flash/2015-16/FR_mar_2016.pdf
,RKP OCP PHASE-I 209.78 209.78 03/2015 03/,Mcl,,2016.0,2017-03-01,12.0,2016-12-31,2015-16,https://paimana-proj.mospi.gov.in/ReportPage/ViewPdf?id=116&path=Content/ArchiveReport/flash/2015-16/FR_mar_2016.pdf
,PURNADIH OCP (3.0 MTY) 210.98 210.98 03/2013 03/,Sccl,,2016.0,2017-03-01,12.0,2016-12-31,2015-16,https://paimana-proj.mospi.gov.in/ReportPage/ViewPdf?id=116&path=Content/ArchiveReport/flash/2015-16/FR_mar_2016.pdf
,KALYANIKHANI OPENCAST PROJECT 417.33 417.33 07/2016 03/,Ccl,,2017.0,2019-03-01,24.0,2016-12-31,2015-16,https://paimana-proj.mospi.gov.in/ReportPage/ViewPdf?id=116&path=Content/ArchiveReport/flash/2015-16/FR_mar_2016.pdf
,JHANJRA COMBINED PR(3.50 MTY) 602.86 602.86 03/2022 03/,Sccl,,2017.0,2022-03-01,60.0,2016-12-31,2015-16,https://paimana-proj.mospi.gov.in/ReportPage/ViewPdf?id=116&path=Content/ArchiveReport/flash/2015-16/FR_mar_2016.pdf
,"STRATEGIC CRUDE OIL STORAGE PROJECT 732.00 1,227.00 10/2011 03/",Petroleum,,2016.0,2016-04-01,1.0,2016-12-31,2015-16,https://paimana-proj.mospi.gov.in/ReportPage/ViewPdf?id=116&path=Content/ArchiveReport/flash/2015-16/FR_mar_2016.pdf
,PARADIP HALDIA DURGAPUR LPG PIPELINE 913.00 913.00 08/2015 12/,Isprl,,2016.0,2017-03-01,3.0,2016-12-31,2015-16,https://paimana-proj.mospi.gov.in/ReportPage/ViewPdf?id=116&path=Content/ArchiveReport/flash/2015-16/FR_mar_2016.pdf
,"CONVERSION OF RIG SAGAR SAMRAT TO 861.79 1,256.72 05/2013 04/",Iocl,,2016.0,2016-12-01,8.0,2016-12-31,2015-16,https://paimana-proj.mospi.gov.in/ReportPage/ViewPdf?id=116&path=Content/ArchiveReport/flash/2015-16/FR_mar_2016.pdf
,"PIPELINE REPLACEMENT PROJECT, 202.25 160.16 07/2016 07/",Unit(Mops)             Ongc,,2016.0,2017-04-01,9.0,2016-12-31,2015-16,https://paimana-proj.mospi.gov.in/ReportPage/ViewPdf?id=116&path=Content/ArchiveReport/flash/2015-16/FR_mar_2016.pdf
,SECONDARY TANK FARM WITH DEHYDRATION 352.56 450.55 03/2017 03/,Ongc,,2017.0,2018-03-01,12.0,2016-12-31,2015-16,https://paimana-proj.mospi.gov.in/ReportPage/ViewPdf?id=116&path=Content/ArchiveReport/flash/2015-16/FR_mar_2016.pdf
,"INTEGRATED DEVELOPMENT OF B-127 FIELDS 2,059.63 2,665.65 03/2015 05/",At Madhuban         Oil,,2016.0,2017-06-01,13.0,2016-12-31,2015-16,https://paimana-proj.mospi.gov.in/ReportPage/ViewPdf?id=116&path=Content/ArchiveReport/flash/2015-16/FR_mar_2016.pdf
,DEVELOPMENT OF WESTERN PERIPHERY OF 600.17 600.17 12/2014 05/,Ongc,,2016.0,2017-06-01,13.0,2016-12-31,2015-16,https://paimana-proj.mospi.gov.in/ReportPage/ViewPdf?id=116&path=Content/ArchiveReport/flash/2015-16/FR_mar_2016.pdf
,NORTHERN REGION SYSTEM 410.29 410.29 02/2012 03/,Power,,2016.0,2016-04-01,1.0,2016-12-31,2015-16,https://paimana-proj.mospi.gov.in/ReportPage/ViewPdf?id=116&path=Content/ArchiveReport/flash/2015-16/FR_mar_2016.pdf
,NORTHERN REGION TRANSMISSION 965.58 965.58 11/2012 03/,Pgcil,,2016.0,2016-04-01,1.0,2016-12-31,2015-16,https://paimana-proj.mospi.gov.in/ReportPage/ViewPdf?id=116&path=Content/ArchiveReport/flash/2015-16/FR_mar_2016.pdf
,"TRANSMISSION SYSTEM ASSOCIATED WITH 1,927.16 1,940.58 10/2014 03/",Pgcil,,2016.0,2016-04-01,1.0,2016-12-31,2015-16,https://paimana-proj.mospi.gov.in/ReportPage/ViewPdf?id=116&path=Content/ArchiveReport/flash/2015-16/FR_mar_2016.pdf
,"TRANSMISSION SYSTEM ASSOCIATED WITH 1,575.30 1,575.30 05/2016 05/",Pgcil,,2016.0,2016-06-01,1.0,2016-12-31,2015-16,https://paimana-proj.mospi.gov.in/ReportPage/ViewPdf?id=116&path=Content/ArchiveReport/flash/2015-16/FR_mar_2016.pdf
,"NORTHERN REGION SYSTEM 1,677.57 1,677.57 04/2013 03/",Pgcil,,2016.0,2016-05-01,2.0,2016-12-31,2015-16,https://paimana-proj.mospi.gov.in/ReportPage/ViewPdf?id=116&path=Content/ArchiveReport/flash/2015-16/FR_mar_2016.pdf
,"COMMON SYSTEM ASSOCIATED WITH 1,940.13 1,940.13 09/2014 06/",Pgcil,,2016.0,2016-09-01,3.0,2016-12-31,2015-16,https://paimana-proj.mospi.gov.in/ReportPage/ViewPdf?id=116&path=Content/ArchiveReport/flash/2015-16/FR_mar_2016.pdf
,NORTHERN REGION SYSTEM 524.40 524.40 05/2015 03/,Pgcil,,2016.0,2016-06-01,3.0,2016-12-31,2015-16,https://paimana-proj.mospi.gov.in/ReportPage/ViewPdf?id=116&path=Content/ArchiveReport/flash/2015-16/FR_mar_2016.pdf
,"EASTERN REGION STRENGTHENING SCHEME- 1,364.52 1,364.52 04/2016 06/",Pgcil,,2016.0,2016-09-01,3.0,2016-12-31,2015-16,https://paimana-proj.mospi.gov.in/ReportPage/ViewPdf?id=116&path=Content/ArchiveReport/flash/2015-16/FR_mar_2016.pdf
,"TAPOVAN-VISHNUGAD HEP (4X130MW) 2,978.48 3,846.30 03/2013 12/",V                            Pgcil,,2018.0,2019-06-01,6.0,2016-12-31,2015-16,https://paimana-proj.mospi.gov.in/ReportPage/ViewPdf?id=116&path=Content/ArchiveReport/flash/2015-16/FR_mar_2016.pdf
,SYTEM STRENGTHENING OF SOUTHERN 297.33 346.79 08/2014 06/,Ntpc,,2016.0,2017-03-01,9.0,2016-12-31,2015-16,https://paimana-proj.mospi.gov.in/ReportPage/ViewPdf?id=116&path=Content/ArchiveReport/flash/2015-16/FR_mar_2016.pdf
,SAFDARJUNG HOSPITAL RE-DEVELOPMENT 444.70 444.70 12/2015 03/,Health And Family Welfare,,2016.0,2016-06-01,3.0,2016-12-31,2015-16,https://paimana-proj.mospi.gov.in/ReportPage/ViewPdf?id=116&path=Content/ArchiveReport/flash/2015-16/FR_mar_2016.pdf
,FORBESGANJ TO SIMRAHI (NH-57)(NHAI) 332.94 332.94 09/2008 03/,Road Transport And Highways,,2016.0,2016-04-01,1.0,2016-12-31,2015-16,https://paimana-proj.mospi.gov.in/ReportPage/ViewPdf?id=116&path=Content/ArchiveReport/flash/2015-16/FR_mar_2016.pdf
,"KOTA BYPASS,RJ-4, NH-76 (NHAI) 275.00 250.39 10/2008 03/",Nhai,,2016.0,2016-04-01,1.0,2016-12-31,2015-16,https://paimana-proj.mospi.gov.in/ReportPage/ViewPdf?id=116&path=Content/ArchiveReport/flash/2015-16/FR_mar_2016.pdf
,KISHANGARH-AJMER-BEAWER 795.00 795.00 05/2012 03/,Nhai,,2016.0,2016-04-01,1.0,2016-12-31,2015-16,https://paimana-proj.mospi.gov.in/ReportPage/ViewPdf?id=116&path=Content/ArchiveReport/flash/2015-16/FR_mar_2016.pdf
,2 LANNING OF MOKAMA-MUNGER 351.54 351.54 05/2013 03/,Nhai,,2016.0,2016-04-01,1.0,2016-12-31,2015-16,https://paimana-proj.mospi.gov.in/ReportPage/ViewPdf?id=116&path=Content/ArchiveReport/flash/2015-16/FR_mar_2016.pdf
,JAIPUR-REENGUS 267.81 267.81 02/2013 03/,Nhai,,2016.0,2016-04-01,1.0,2016-12-31,2015-16,https://paimana-proj.mospi.gov.in/ReportPage/ViewPdf?id=116&path=Content/ArchiveReport/flash/2015-16/FR_mar_2016.pdf
,4 LANING OF GOMTI CHAURAHA - UDAIPUR 914.50 914.50 10/2015 02/,Nhai,,2016.0,2016-03-01,1.0,2016-12-31,2015-16,https://paimana-proj.mospi.gov.in/ReportPage/ViewPdf?id=116&path=Content/ArchiveReport/flash/2015-16/FR_mar_2016.pdf
,HARIDWAR DEHRADUN APPROVED LENGTH 478.51 478.00 10/2013 07/,Dorth,,2016.0,2016-09-01,2.0,2016-12-31,2015-16,https://paimana-proj.mospi.gov.in/ReportPage/ViewPdf?id=116&path=Content/ArchiveReport/flash/2015-16/FR_mar_2016.pdf
,NALBARI TO BIJNI (AS-6) 225.00 225.00 06/2008 04/,Nhai,,2016.0,2016-07-01,3.0,2016-12-31,2015-16,https://paimana-proj.mospi.gov.in/ReportPage/ViewPdf?id=116&path=Content/ArchiveReport/flash/2015-16/FR_mar_2016.pdf
,"AGRA-BYPASS(NS-1/UP-1), NH-2,3 348.16 348.16 09/2007 03/",Nhai,,2016.0,2016-06-01,3.0,2016-12-31,2015-16,https://paimana-proj.mospi.gov.in/ReportPage/ViewPdf?id=116&path=Content/ArchiveReport/flash/2015-16/FR_mar_2016.pdf
,"MURADABAD-BAREILY 1,267.00 1,267.00 06/2013 03/",Nhai,,2016.0,2016-06-01,3.0,2016-12-31,2015-16,https://paimana-proj.mospi.gov.in/ReportPage/ViewPdf?id=116&path=Content/ArchiveReport/flash/2015-16/FR_mar_2016.pdf
,ROHTAK-BAWAL 650.00 650.00 11/2013 03/,Nhai,,2016.0,2016-06-01,3.0,2016-12-31,2015-16,https://paimana-proj.mospi.gov.in/ReportPage/ViewPdf?id=116&path=Content/ArchiveReport/flash/2015-16/FR_mar_2016.pdf
,2-LANNING WITH PS KHAGARIA-PURNEA 664.00 664.00 02/2014 03/,Nhai,,2016.0,2016-06-01,3.0,2016-12-31,2015-16,https://paimana-proj.mospi.gov.in/ReportPage/ViewPdf?id=116&path=Content/ArchiveReport/flash/2015-16/FR_mar_2016.pdf
,PATNA-BAKTZARPUR KM.181.3 TO KM.231.95 574.00 574.00 03/2014 03/,Nhai,,2016.0,2016-06-01,3.0,2016-12-31,2015-16,https://paimana-proj.mospi.gov.in/ReportPage/ViewPdf?id=116&path=Content/ArchiveReport/flash/2015-16/FR_mar_2016.pdf
,2 LANNING OF MUZAFFARPUR - SONBARSA 511.54 511.54 11/2013 03/,Nhai,,2016.0,2016-06-01,3.0,2016-12-31,2015-16,https://paimana-proj.mospi.gov.in/ReportPage/ViewPdf?id=116&path=Content/ArchiveReport/flash/2015-16/FR_mar_2016.pdf
,"BEAWAR PALI PINDWARA 2,388.51 2,388.00 06/2014 03/",Nhai,,2016.0,2016-06-01,3.0,2016-12-31,2015-16,https://paimana-proj.mospi.gov.in/ReportPage/ViewPdf?id=116&path=Content/ArchiveReport/flash/2015-16/FR_mar_2016.pdf
,DELHI/ HARYANA BORDER TO ROHTAK 486.00 486.00 05/2010 02/,Nhai,,2016.0,2016-06-01,4.0,2016-12-31,2015-16,https://paimana-proj.mospi.gov.in/ReportPage/ViewPdf?id=116&path=Content/ArchiveReport/flash/2015-16/FR_mar_2016.pdf
,"GURGAON - KOTPUTLI - JAIPUR (SIX LANE) 1,673.70 1,673.70 10/2011 01/",Nhai,,2016.0,2016-06-01,5.0,2016-12-31,2015-16,https://paimana-proj.mospi.gov.in/ReportPage/ViewPdf?id=116&path=Content/ArchiveReport/flash/2015-16/FR_mar_2016.pdf
,FOUR LANNING OF LUDHIYANA- TALWANDI 479.00 479.00 N.A. 07/,Dorth,,2016.0,2016-12-01,5.0,2016-12-31,2015-16,https://paimana-proj.mospi.gov.in/ReportPage/ViewPdf?id=116&path=Content/ArchiveReport/flash/2015-16/FR_mar_2016.pdf
,"PANIPAT-JALANDHAR 6 LANE(KM 96 TO 387.1 1,108.00 2,288.00 11/2011 06/",Nhai,,2016.0,2016-12-01,6.0,2016-12-31,2015-16,https://paimana-proj.mospi.gov.in/ReportPage/ViewPdf?id=116&path=Content/ArchiveReport/flash/2015-16/FR_mar_2016.pdf
,DEOLI-KOTA 593.00 593.00 07/2013 04/,Km)                            Nhai,,2016.0,2016-12-01,8.0,2016-12-31,2015-16,https://paimana-proj.mospi.gov.in/ReportPage/ViewPdf?id=116&path=Content/ArchiveReport/flash/2015-16/FR_mar_2016.pdf
,2-LANNING WITH PS MOTIHARI-RAXAUL 375.09 375.09 04/2014 03/,Nhai,,2016.0,2016-12-01,9.0,2016-12-31,2015-16,https://paimana-proj.mospi.gov.in/ReportPage/ViewPdf?id=116&path=Content/ArchiveReport/flash/2015-16/FR_mar_2016.pdf
,PANVEL-INDAPUR 942.69 942.69 06/2014 03/,Nhai,,2016.0,2016-12-01,9.0,2016-12-31,2015-16,https://paimana-proj.mospi.gov.in/ReportPage/ViewPdf?id=116&path=Content/ArchiveReport/flash/2015-16/FR_mar_2016.pdf
,"PIMPALGAON-NASIK-GONDE, NH-3 (NHDP- 940.00 940.00 07/2012 04/",Nhai,,2016.0,2017-03-01,11.0,2016-12-31,2015-16,https://paimana-proj.mospi.gov.in/ReportPage/ViewPdf?id=116&path=Content/ArchiveReport/flash/2015-16/FR_mar_2016.pdf
,4 LANING OF AMBALA - KAITHAL - PACKAGE -1 602.95 602.95 06/2016 06/,Nhai,,2016.0,2018-06-01,24.0,2016-12-31,2015-16,https://paimana-proj.mospi.gov.in/ReportPage/ViewPdf?id=116&path=Content/ArchiveReport/flash/2015-16/FR_mar_2016.pdf
,"ENNORE MANALI EXPRESS WAY,F/O SPECIAL 150.00 600.00 03/2006 03/",Shipping And Ports,,2016.0,2016-07-01,4.0,2016-12-31,2015-16,https://paimana-proj.mospi.gov.in/ReportPage/ViewPdf?id=116&path=Content/ArchiveReport/flash/2015-16/FR_mar_2016.pdf
,CONSTRUCTION OF NISM CAMPUS AT 315.00 315.00 06/2015 10/,Urban Development,,2016.0,2016-11-01,1.0,2016-12-31,2015-16,https://paimana-proj.mospi.gov.in/ReportPage/ViewPdf?id=116&path=Content/ArchiveReport/flash/2015-16/FR_mar_2016.pdf
,STAGE I OF PHASE C/O PERMANENT CAMPUS 332.72 332.72 09/2016 09/,Maharastra             Cpwd,,2016.0,2017-01-01,4.0,2016-12-31,2015-16,https://paimana-proj.mospi.gov.in/ReportPage/ViewPdf?id=116&path=Content/ArchiveReport/flash/2015-16/FR_mar_2016.pdf
,2000 BOYS HOSTEL(1000 DOUNLE BEDDED 171.86 171.86 03/2016 05/,For Iim                          Cpwd,,2017.0,2017-09-01,4.0,2016-12-31,2015-16,https://paimana-proj.mospi.gov.in/ReportPage/ViewPdf?id=116&path=Content/ArchiveReport/flash/2015-16/FR_mar_2016.pdf
,67.5 MW TG-5 AUX. S'TEM EMERGENCY POWER REQUIREMENT EXP.,Steel,,202.0,2010-01-01,294.84,2014-07-31,2014-15,https://paimana-proj.mospi.gov.in/ReportPage/ViewPdf?id=104&path=Content/ArchiveReport/flash/2014-15/FR_march_2015.pdf
,GSM EQUIPMENT OF 390K LINES(2G) AND 130K LINES(3G) PH-5.1,Telecommunications,,373.94,2008-12-01,227.58,2014-07-31,2014-15,https://paimana-proj.mospi.gov.in/ReportPage/ViewPdf?id=104&path=Content/ArchiveReport/flash/2014-15/FR_march_2015.pdf
,KARANPUR MORADABAD-KASHIPUR-RUDRAPUR PIPELINE PROJECT,Petroleum,,238.68,2012-01-01,293.12,2014-08-31,2014-15,https://paimana-proj.mospi.gov.in/ReportPage/ViewPdf?id=104&path=Content/ArchiveReport/flash/2014-15/FR_march_2015.pdf
,COMMON SYSTEM ASSOCIATED WITH ISGS PROJECTS IN,Power,,1637.34,2014-08-01,1499.95,2014-10-31,2014-15,https://paimana-proj.mospi.gov.in/ReportPage/ViewPdf?id=104&path=Content/ArchiveReport/flash/2014-15/FR_march_2015.pdf
,SUPPLY INSTALLATION TESTING AND COMMISSIONING OF RURAL,Telecommunications,,1148.19,2011-05-01,251.27,2014-10-31,2014-15,https://paimana-proj.mospi.gov.in/ReportPage/ViewPdf?id=104&path=Content/ArchiveReport/flash/2014-15/FR_march_2015.pdf
,PIPELINE FOR TRANSFER OF LPG FROM BPCR/HPCR TO URAN LPG,Petroleum,,246.81,2012-08-01,263.59,2014-11-30,2014-15,https://paimana-proj.mospi.gov.in/ReportPage/ViewPdf?id=104&path=Content/ArchiveReport/flash/2014-15/FR_march_2015.pdf
,GSM EQUIPMENT OF 283000 LINES (2G) AND 75000 LINES (3G) IN,Telecommunications,,149.15,2009-06-01,86.34,2014-11-30,2014-15,https://paimana-proj.mospi.gov.in/ReportPage/ViewPdf?id=104&path=Content/ArchiveReport/flash/2014-15/FR_march_2015.pdf
,SUPPLIMENTARY TRANSMISSION ASSOCIATED WITH DVC AND,Power,,2360.95,2012-08-01,2150.11,2014-12-31,2014-15,https://paimana-proj.mospi.gov.in/ReportPage/ViewPdf?id=104&path=Content/ArchiveReport/flash/2014-15/FR_march_2015.pdf
,765 KV POOLING STATION AND NETWORK WITH DVC AND MAITHOB,Maithon Rbc                      (Power Grid Corporation Of,,7075.33,2012-08-01,6413.96,2014-12-31,2014-15,https://paimana-proj.mospi.gov.in/ReportPage/ViewPdf?id=104&path=Content/ArchiveReport/flash/2014-15/FR_march_2015.pdf
,TR SYSTEM FOR ESTABLISHMENT OF 400/220 KV GIS SUBSTATION,Power,,259.28,2014-01-01,210.02,2015-01-31,2014-15,https://paimana-proj.mospi.gov.in/ReportPage/ViewPdf?id=104&path=Content/ArchiveReport/flash/2014-15/FR_march_2015.pdf
,2-LANING WITH PAVED SHOLDERS OF MULTAI CHHINDWARA SEONI,Road Transport And Highways,,1565.0,2014-10-01,1592.0,2015-02-28,2014-15,https://paimana-proj.mospi.gov.in/ReportPage/ViewPdf?id=104&path=Content/ArchiveReport/flash/2014-15/FR_march_2015.pdf
,WAX PROJECT 06/2010 576.60 12/2013,Petroleum,,676.05,2015-03-01,606.52,2015-10-31,2014-15,https://paimana-proj.mospi.gov.in/ReportPage/ViewPdf?id=104&path=Content/ArchiveReport/flash/2014-15/FR_march_2015.pdf
,"PETROCHEMICAL COMPLEX-II AT 08/2010 8,140.00 02/2014",Petroleum,,8752.0,2014-12-01,7494.38,2015-10-31,2014-15,https://paimana-proj.mospi.gov.in/ReportPage/ViewPdf?id=104&path=Content/ArchiveReport/flash/2014-15/FR_march_2015.pdf
,CONSTRUCTION OF 2 FGS IN CHABUA 08/2008 126.18 06/2012,Vijaypur And Pata,,159.54,2015-03-01,71.73,2015-10-31,2014-15,https://paimana-proj.mospi.gov.in/ReportPage/ViewPdf?id=104&path=Content/ArchiveReport/flash/2014-15/FR_march_2015.pdf
,"SYSTEM STRENGTHENING IN WARDHA- 02/2012 1,310.85 02/2015",Power,,1310.85,2015-03-01,1078.43,2015-10-31,2014-15,https://paimana-proj.mospi.gov.in/ReportPage/ViewPdf?id=104&path=Content/ArchiveReport/flash/2014-15/FR_march_2015.pdf
,"SYSTEM STRENGTHENING -XIX IN 08/2012 1,935.35 12/2014",Aurangabad Corridor For Ipp,,1935.35,2015-03-01,1222.68,2015-10-31,2014-15,https://paimana-proj.mospi.gov.in/ReportPage/ViewPdf?id=104&path=Content/ArchiveReport/flash/2014-15/FR_march_2015.pdf
,"KUDANKULAM APP (NPCIL) 13,171.00 22,462.00 12/2008 06/",Atomic Energy,,2015.0,2015-07-01,1.0,2015-10-31,2014-15,https://paimana-proj.mospi.gov.in/ReportPage/ViewPdf?id=104&path=Content/ArchiveReport/flash/2014-15/FR_march_2015.pdf
,"RAJASTHAN ATOMIC POWER PROJECT -7 AND 12,320.00 12,320.00 12/2016 04/",Npcil,,2018.0,2018-05-01,1.0,2015-10-31,2014-15,https://paimana-proj.mospi.gov.in/ReportPage/ViewPdf?id=104&path=Content/ArchiveReport/flash/2014-15/FR_march_2015.pdf
,"TPS-II EXPANSION (1470MW TO 1970MW) (NLC) 2,030.78 3,477.21 06/2009 03/",Coal,,2015.0,2015-04-01,1.0,2015-10-31,2014-15,https://paimana-proj.mospi.gov.in/ReportPage/ViewPdf?id=104&path=Content/ArchiveReport/flash/2014-15/FR_march_2015.pdf
,KRISHNASHILA (NCL) (4MTY) 789.88 741.62 03/2013 03/,Nlc,,2015.0,2016-03-01,12.0,2015-10-31,2014-15,https://paimana-proj.mospi.gov.in/ReportPage/ViewPdf?id=104&path=Content/ArchiveReport/flash/2014-15/FR_march_2015.pdf
,BLOCK-B OCP NCL (3.5 MTY) 746.04 535.10 03/2015 03/,Ncl,,2015.0,2016-03-01,12.0,2015-10-31,2014-15,https://paimana-proj.mospi.gov.in/ReportPage/ViewPdf?id=104&path=Content/ArchiveReport/flash/2014-15/FR_march_2015.pdf
,MOUNDED BULLET PROJECT AT CPCL 279.00 279.00 12/2014 06/,Petroleum,,2015.0,2015-07-01,1.0,2015-10-31,2014-15,https://paimana-proj.mospi.gov.in/ReportPage/ViewPdf?id=104&path=Content/ArchiveReport/flash/2014-15/FR_march_2015.pdf
,"STRATEGIC CRUDE OIL STORAGE PROJECT 672.00 1,178.35 10/2011 02/",Cpcl,,2015.0,2015-10-01,8.0,2015-10-31,2014-15,https://paimana-proj.mospi.gov.in/ReportPage/ViewPdf?id=104&path=Content/ArchiveReport/flash/2014-15/FR_march_2015.pdf
,IMPROVED OIL RECOVERY OF B-173A FIELD 352.49 352.49 03/2014 04/,Isprl,,2015.0,2016-03-01,11.0,2015-10-31,2014-15,https://paimana-proj.mospi.gov.in/ReportPage/ViewPdf?id=104&path=Content/ArchiveReport/flash/2014-15/FR_march_2015.pdf
,LPG TERMINAL AT KOCHI 607.06 607.06 01/2016 01/,Ongc,,2016.0,2017-04-01,15.0,2015-10-31,2014-15,https://paimana-proj.mospi.gov.in/ReportPage/ViewPdf?id=104&path=Content/ArchiveReport/flash/2014-15/FR_march_2015.pdf
,DEVELOPMENT OF SHALLOW WATER WELLS 284.82 284.82 04/2015 04/,Iocl,,2015.0,2017-05-01,25.0,2015-10-31,2014-15,https://paimana-proj.mospi.gov.in/ReportPage/ViewPdf?id=104&path=Content/ArchiveReport/flash/2014-15/FR_march_2015.pdf
,NORTHERN REGION SYSTEM 803.34 803.34 03/2015 03/,Pgcil,,2015.0,2015-05-01,2.0,2015-10-31,2014-15,https://paimana-proj.mospi.gov.in/ReportPage/ViewPdf?id=104&path=Content/ArchiveReport/flash/2014-15/FR_march_2015.pdf
,SYTEM STRENGTHENING XIII OF SR GRID 487.49 487.49 06/2014 06/,Pgcil,,2015.0,2015-09-01,3.0,2015-10-31,2014-15,https://paimana-proj.mospi.gov.in/ReportPage/ViewPdf?id=104&path=Content/ArchiveReport/flash/2014-15/FR_march_2015.pdf
,TRANSMISSION SYSTEM FOR CONNECTIVITY 552.44 552.44 02/2014 06/,Pgcil,,2015.0,2015-09-01,3.0,2015-10-31,2014-15,https://paimana-proj.mospi.gov.in/ReportPage/ViewPdf?id=104&path=Content/ArchiveReport/flash/2014-15/FR_march_2015.pdf
,NORTHERN REGION SYSTEM STRENGHENING 752.64 752.64 07/2013 06/,Neepco,,2015.0,2015-12-01,6.0,2015-10-31,2014-15,https://paimana-proj.mospi.gov.in/ReportPage/ViewPdf?id=104&path=Content/ArchiveReport/flash/2014-15/FR_march_2015.pdf
,NORTHERN REGION SYSTEM 723.63 723.63 11/2014 06/,Pgcil,,2015.0,2015-12-01,6.0,2015-10-31,2014-15,https://paimana-proj.mospi.gov.in/ReportPage/ViewPdf?id=104&path=Content/ArchiveReport/flash/2014-15/FR_march_2015.pdf
,"SYSTEM STRENGTHENING IN NR FOR SASAN 1,216.83 1,216.83 08/2012 06/",Pgcil,,2015.0,2016-03-01,9.0,2015-10-31,2014-15,https://paimana-proj.mospi.gov.in/ReportPage/ViewPdf?id=104&path=Content/ArchiveReport/flash/2014-15/FR_march_2015.pdf
,"FOUR LANING OF ORISSA CHATTISHGARH 1,232.00 1,232.00 08/2015 08/",Road Transport And Highways,,2015.0,2016-02-01,6.0,2015-10-31,2014-15,https://paimana-proj.mospi.gov.in/ReportPage/ViewPdf?id=104&path=Content/ArchiveReport/flash/2014-15/FR_march_2015.pdf
,"QUAZIGUND-BANIHAL KM.220.00 TO KM.188.00 1,987.00 1,987.00 07/2015 07/",Nhai,,2015.0,2016-06-01,11.0,2015-10-31,2014-15,https://paimana-proj.mospi.gov.in/ReportPage/ViewPdf?id=104&path=Content/ArchiveReport/flash/2014-15/FR_march_2015.pdf
,"NASHRI- CHANANI 2,159.00 2,159.00 06/2015 06/",Nhai,,2015.0,2016-06-01,12.0,2015-10-31,2014-15,https://paimana-proj.mospi.gov.in/ReportPage/ViewPdf?id=104&path=Content/ArchiveReport/flash/2014-15/FR_march_2015.pdf
,"DELHI AGRA APPROVED LENGTH 180.0 KM 1,928.22 1,928.22 04/2015 04/",Nhai,,2015.0,2016-04-01,12.0,2015-10-31,2014-15,https://paimana-proj.mospi.gov.in/ReportPage/ViewPdf?id=104&path=Content/ArchiveReport/flash/2014-15/FR_march_2015.pdf
,ACADEMIC CUM RESIDENTIAL CAMPUS AT 225.81 225.81 06/2012 05/,Urban Development,,2015.0,2015-06-01,1.0,2015-10-31,2014-15,https://paimana-proj.mospi.gov.in/ReportPage/ViewPdf?id=104&path=Content/ArchiveReport/flash/2014-15/FR_march_2015.pdf
,CONSTRUCTION OF EXTENSION BUILDING TO 261.85 261.85 05/2013 10/,Kolkata            Cpwd,,2015.0,2015-11-01,1.0,2015-10-31,2014-15,https://paimana-proj.mospi.gov.in/ReportPage/ViewPdf?id=104&path=Content/ArchiveReport/flash/2014-15/FR_march_2015.pdf
,STAGE I OF PHASE C/O PERMANENT CAMPUS 332.72 332.72 09/2016 09/,House Complex New Delhi Cpwd,,2016.0,2016-12-01,3.0,2015-10-31,2014-15,https://paimana-proj.mospi.gov.in/ReportPage/ViewPdf?id=104&path=Content/ArchiveReport/flash/2014-15/FR_march_2015.pdf
,UPGRADATION OF NATIONAL FIRE SERVICES 205.00 205.00 03/2012 01/,For Iim                          Cpwd,,2015.0,2015-04-01,3.0,2015-10-31,2014-15,https://paimana-proj.mospi.gov.in/ReportPage/ViewPdf?id=104&path=Content/ArchiveReport/flash/2014-15/FR_march_2015.pdf
,"DELHI MRTS PHASE-III 38,585.00 38,585.00 03/2016 03/",Cpwd,,2016.0,2016-12-01,9.0,2015-10-31,2014-15,https://paimana-proj.mospi.gov.in/ReportPage/ViewPdf?id=104&path=Content/ArchiveReport/flash/2014-15/FR_march_2015.pdf
,CONSTRUCTION OD ADDITIONAL COMPLEX 884.30 884.30 08/2014 01/,Dmrcl,,2016.0,2017-06-01,17.0,2015-10-31,2014-15,https://paimana-proj.mospi.gov.in/ReportPage/ViewPdf?id=104&path=Content/ArchiveReport/flash/2014-15/FR_march_2015.pdf
,LECTURE THEATER AND LAB COMPLEX AT IIT 162.90 162.90 07/2012 07/,Adjoining Pragati Maidan Cpwd,,2012.0,2014-06-01,23.0,2015-10-31,2014-15,https://paimana-proj.mospi.gov.in/ReportPage/ViewPdf?id=104&path=Content/ArchiveReport/flash/2014-15/FR_march_2015.pdf
,765KV SYSTEM FOR CENTRAL PART OF NORTHERN REGION GRID -,Power,,1736.36,2012-06-01,1240.75,2013-05-31,2013-14,https://paimana-proj.mospi.gov.in/ReportPage/ViewPdf?id=92&path=Content/ArchiveReport/flash/2013-14/FR_mar_2014.pdf
,INTERCONNECTION BETWEEN ELECTTRICAL GRIDS OF INDIA AND,Power,,160.32,2012-10-01,87.63,2013-08-31,2013-14,https://paimana-proj.mospi.gov.in/ReportPage/ViewPdf?id=92&path=Content/ArchiveReport/flash/2013-14/FR_mar_2014.pdf
,FLUIDIZED CATALYTIC CRACKING UNIT(FCCU) REVAMP AT MATHURA,Petroleum,,1000.0,2013-01-01,755.25,2013-12-31,2013-14,https://paimana-proj.mospi.gov.in/ReportPage/ViewPdf?id=92&path=Content/ArchiveReport/flash/2013-14/FR_mar_2014.pdf
,CAPACITY AUGMENTATION OF KOTA PIYALA SECTION OF MMBPL,Refinery                 (Indian Oil Corporation Limited) -,,152.89,2013-06-01,128.53,2013-12-31,2013-14,https://paimana-proj.mospi.gov.in/ReportPage/ViewPdf?id=92&path=Content/ArchiveReport/flash/2013-14/FR_mar_2014.pdf
,"FOUR LANNING FROM MP/MAHARASHTRA BORDER TO NAGPUR,",Road Transport And Highways,,1170.52,2011-06-01,4.41,2014-01-31,2013-14,https://paimana-proj.mospi.gov.in/ReportPage/ViewPdf?id=92&path=Content/ArchiveReport/flash/2013-14/FR_mar_2014.pdf
,HYDROCRACKER REVAMP AND SETTING UP A NEW CCR AT MUMBAI,Petroleum,,825.0,2013-04-01,1545.0,2014-03-31,2013-14,https://paimana-proj.mospi.gov.in/ReportPage/ViewPdf?id=92&path=Content/ArchiveReport/flash/2013-14/FR_mar_2014.pdf
,IOR LAKWA - LAKHMANI (ONGCL) 09/2001 345.10 03/2007,Petroleum,,750.0,2014-03-01,743.72,2014-03-31,2013-14,https://paimana-proj.mospi.gov.in/ReportPage/ViewPdf?id=92&path=Content/ArchiveReport/flash/2013-14/FR_mar_2014.pdf
,IOR GELEKI (ONGCL) 09/2001 390.09 03/2007,Petroleum,,1674.11,2017-03-01,1759.52,2014-03-31,2013-14,https://paimana-proj.mospi.gov.in/ReportPage/ViewPdf?id=92&path=Content/ArchiveReport/flash/2013-14/FR_mar_2014.pdf
,"IOR, RUDRASAGAR (ONGCL) 09/2001 113.90 03/2006",Petroleum,,480.0,2014-03-01,452.91,2014-03-31,2013-14,https://paimana-proj.mospi.gov.in/ReportPage/ViewPdf?id=92&path=Content/ArchiveReport/flash/2013-14/FR_mar_2014.pdf
,HYDROCRACKER REVAMP AND SETTING 04/2008 825.00 04/2013,Petroleum,,1827.0,2014-03-01,1545.0,2014-03-31,2013-14,https://paimana-proj.mospi.gov.in/ReportPage/ViewPdf?id=92&path=Content/ArchiveReport/flash/2013-14/FR_mar_2014.pdf
,DEVELOPMENT OF BHE AND BH-35 AREA. 08/2010 372.11 03/2013,Up A New Ccr At Mumbai Refinery,,372.11,2014-02-01,334.31,2014-03-31,2013-14,https://paimana-proj.mospi.gov.in/ReportPage/ViewPdf?id=92&path=Content/ArchiveReport/flash/2013-14/FR_mar_2014.pdf
,BUTENE-1 PROJECT AT PANIPAT 02/2012 190.00 03/2014,Up A New Ccr At Mumbai Refinery,,172.38,2014-03-01,125.28,2014-03-31,2013-14,https://paimana-proj.mospi.gov.in/ReportPage/ViewPdf?id=92&path=Content/ArchiveReport/flash/2013-14/FR_mar_2014.pdf
,DEVELOPMENT OF SB-14 FIELD 01/2011 410.44 11/2012,Up A New Ccr At Mumbai Refinery,,410.44,2014-03-01,337.16,2014-03-31,2013-14,https://paimana-proj.mospi.gov.in/ReportPage/ViewPdf?id=92&path=Content/ArchiveReport/flash/2013-14/FR_mar_2014.pdf
,CONSTRUCTION OF NEW INTERNATIONAL 335.61 388.53 05/2012 03/,Civil Aviation,,2014.0,2014-04-01,1.0,2014-03-31,2013-14,https://paimana-proj.mospi.gov.in/ReportPage/ViewPdf?id=92&path=Content/ArchiveReport/flash/2013-14/FR_mar_2014.pdf
,"TPS-II EXPANSION (1470MW TO 1970MW) (NLC) 2,030.78 3,027.59 06/2009 05/",Coal,,2014.0,2014-06-01,1.0,2014-03-31,2013-14,https://paimana-proj.mospi.gov.in/ReportPage/ViewPdf?id=92&path=Content/ArchiveReport/flash/2013-14/FR_mar_2014.pdf
,"MUMBAI HIGH SOUTH REDEVELOPMENT PH-2 5,713.03 8,813.41 05/2010 03/",Petroleum,,2014.0,2014-05-01,2.0,2014-03-31,2013-14,https://paimana-proj.mospi.gov.in/ReportPage/ViewPdf?id=92&path=Content/ArchiveReport/flash/2013-14/FR_mar_2014.pdf
,"DEVELOPMENT OF B-46 CLUSTER FIELD 1,436.21 1,456.96 07/2010 03/",Ongc,,2014.0,2014-05-01,2.0,2014-03-31,2013-14,https://paimana-proj.mospi.gov.in/ReportPage/ViewPdf?id=92&path=Content/ArchiveReport/flash/2013-14/FR_mar_2014.pdf
,"MUMBAI HIGH NORTH DEVELOPMENT PHASE- 7,133.39 7,133.39 09/2012 03/",Ongc,,2014.0,2014-05-01,2.0,2014-03-31,2013-14,https://paimana-proj.mospi.gov.in/ReportPage/ViewPdf?id=92&path=Content/ArchiveReport/flash/2013-14/FR_mar_2014.pdf
,"102 MW WIND POWER PROJECT 1,106.00 678.02 06/2012 05/",Ii                          Ongc,,2014.0,2014-07-01,2.0,2014-03-31,2013-14,https://paimana-proj.mospi.gov.in/ReportPage/ViewPdf?id=92&path=Content/ArchiveReport/flash/2013-14/FR_mar_2014.pdf
,PURCHASE OF 2 NOS. OF 2000 HP DRILLING 270.00 270.00 12/2014 08/,Ongc,,2015.0,2015-10-01,2.0,2014-03-31,2013-14,https://paimana-proj.mospi.gov.in/ReportPage/ViewPdf?id=92&path=Content/ArchiveReport/flash/2013-14/FR_mar_2014.pdf
,"PETROCHEMICAL COMPLEX-II AT VIJAYPUR 8,140.00 8,140.00 02/2014 03/",Rig                             Oil,,2014.0,2014-06-01,3.0,2014-03-31,2013-14,https://paimana-proj.mospi.gov.in/ReportPage/ViewPdf?id=92&path=Content/ArchiveReport/flash/2013-14/FR_mar_2014.pdf
,"POLYPROPYLENE UNIT 1,803.78 1,803.78 07/2012 03/",Gail,,2014.0,2014-06-01,3.0,2014-03-31,2013-14,https://paimana-proj.mospi.gov.in/ReportPage/ViewPdf?id=92&path=Content/ArchiveReport/flash/2013-14/FR_mar_2014.pdf
,"MRPL PHASE-III EXPANSION 12,412.00 12,160.26 01/2012 03/",Mangalore Refin,,2014.0,2014-06-01,3.0,2014-03-31,2013-14,https://paimana-proj.mospi.gov.in/ReportPage/ViewPdf?id=92&path=Content/ArchiveReport/flash/2013-14/FR_mar_2014.pdf
,CENTRAL GAS GATHERING STATION AND 144.02 204.29 06/2012 03/,Mangalore Refin,,2014.0,2014-06-01,3.0,2014-03-31,2013-14,https://paimana-proj.mospi.gov.in/ReportPage/ViewPdf?id=92&path=Content/ArchiveReport/flash/2013-14/FR_mar_2014.pdf
,"DIESEL HYDROTREATOR PROJECT AT VISAKH 3,597.00 2,730.00 09/2011 03/",Oil,,2014.0,2014-07-01,4.0,2014-03-31,2013-14,https://paimana-proj.mospi.gov.in/ReportPage/ViewPdf?id=92&path=Content/ArchiveReport/flash/2013-14/FR_mar_2014.pdf
,CREATION OF SECONDARY TANK FARM WITH 374.56 374.56 09/2012 10/,Hpcl,,2016.0,2017-03-01,5.0,2014-03-31,2013-14,https://paimana-proj.mospi.gov.in/ReportPage/ViewPdf?id=92&path=Content/ArchiveReport/flash/2013-14/FR_mar_2014.pdf
,"DIESEL HYDROTREATOR PROJECT AT 3,284.00 2,174.00 09/2011 05/",Madhuban             Oil,,2014.0,2014-12-01,7.0,2014-03-31,2013-14,https://paimana-proj.mospi.gov.in/ReportPage/ViewPdf?id=92&path=Content/ArchiveReport/flash/2013-14/FR_mar_2014.pdf
,"DEV OF G1 AND GS-15 (ONGCL) 429.82 2,735.65 04/2006 06/",Ankleswar             Ongc,,2014.0,2016-06-01,24.0,2014-03-31,2013-14,https://paimana-proj.mospi.gov.in/ReportPage/ViewPdf?id=92&path=Content/ArchiveReport/flash/2013-14/FR_mar_2014.pdf
,"BARH STPP STAGE -II 7,341.04 7,341.04 08/2013 02/",Power,,2015.0,2015-03-01,1.0,2014-03-31,2013-14,https://paimana-proj.mospi.gov.in/ReportPage/ViewPdf?id=92&path=Content/ArchiveReport/flash/2013-14/FR_mar_2014.pdf
,NORTHERN REGION TRANSMISSION 965.58 965.58 11/2012 03/,Ntpc,,2014.0,2014-04-01,1.0,2014-03-31,2013-14,https://paimana-proj.mospi.gov.in/ReportPage/ViewPdf?id=92&path=Content/ArchiveReport/flash/2013-14/FR_mar_2014.pdf
,"BONGAIGAON THERMAL POWER PROJECT 4,375.35 4,375.35 07/2011 06/",Pgcil,,2016.0,2016-08-01,2.0,2014-03-31,2013-14,https://paimana-proj.mospi.gov.in/ReportPage/ViewPdf?id=92&path=Content/ArchiveReport/flash/2013-14/FR_mar_2014.pdf
,SYSTEM STRENGTHENING COMMON FOR WR 213.78 213.78 03/2014 03/,Ntpc,,2014.0,2014-06-01,3.0,2014-03-31,2013-14,https://paimana-proj.mospi.gov.in/ReportPage/ViewPdf?id=92&path=Content/ArchiveReport/flash/2013-14/FR_mar_2014.pdf
,"PARBATI H.E.P. STAGE -III (NHPC) 2,304.56 2,716.00 10/2010 03/",Provision)             Pgcil,,2014.0,2014-08-01,5.0,2014-03-31,2013-14,https://paimana-proj.mospi.gov.in/ReportPage/ViewPdf?id=92&path=Content/ArchiveReport/flash/2013-14/FR_mar_2014.pdf
,"NEW WORK FOR CONSTRUCTION OF METRO 2,298.42 2,298.42 03/2014 03/",Railways,,2014.0,2016-03-01,24.0,2014-03-31,2013-14,https://paimana-proj.mospi.gov.in/ReportPage/ViewPdf?id=92&path=Content/ArchiveReport/flash/2013-14/FR_mar_2014.pdf
,"BRAHMPUTRA BRIDGE,NH NO-31 217.61 309.56 04/2010 09/",Road Transport And Highways,,2015.0,2016-01-01,4.0,2014-03-31,2013-14,https://paimana-proj.mospi.gov.in/ReportPage/ViewPdf?id=92&path=Content/ArchiveReport/flash/2013-14/FR_mar_2014.pdf
,"CONST. & DEV. OF 2 OFFSHORE CONTAINER 1,228.00 2,158.16 12/2010 03/",Shipping And Ports,,2015.0,2015-10-01,7.0,2014-03-31,2013-14,https://paimana-proj.mospi.gov.in/ReportPage/ViewPdf?id=92&path=Content/ArchiveReport/flash/2013-14/FR_mar_2014.pdf
,GSM EQUIPMENT OF 283000 LINES (2G) AND 149.15 158.72 06/2009 03/,Phase-Ii          Bsnl,,2014.0,2014-06-01,3.0,2014-03-31,2013-14,https://paimana-proj.mospi.gov.in/ReportPage/ViewPdf?id=92&path=Content/ArchiveReport/flash/2013-14/FR_mar_2014.pdf
,"ASSAM TELECOM CIRCLE, PHASE-V.I, 2G & 3G 336.81 336.81 01/2009 03/",Bsnl,,2014.0,2014-06-01,3.0,2014-03-31,2013-14,https://paimana-proj.mospi.gov.in/ReportPage/ViewPdf?id=92&path=Content/ArchiveReport/flash/2013-14/FR_mar_2014.pdf
,RAMANAGRAM-MYSORE DOUBLING WITH 04/2007 482.00 482.70 03/,Noapara And Noapara-Nscb Airport(Mtp)                                   -                           -,,2013.0,2014-03-01,0.15,2014-03-31,2013-14,https://paimana-proj.mospi.gov.in/ReportPage/ViewPdf?id=92&path=Content/ArchiveReport/flash/2013-14/FR_mar_2014.pdf
,"DHOLPUR-SIRMUTTRA WITH EXTENSION TO 04/2010 622.41 2,030.50 02/",Bikaner And Ratangarh-Degana Gc)                                              -                             -,,2019.0,2019-02-01,226.23,2014-03-31,2013-14,https://paimana-proj.mospi.gov.in/ReportPage/ViewPdf?id=92&path=Content/ArchiveReport/flash/2013-14/FR_mar_2014.pdf
,"SETTING UP OF LNG REGASIFICATION TERMINAL AT 03/2009 3,500.00 4,150.00 01/",Channel And Jnpt Channel                 -                                   -                            -,,2012.0,2013-08-01,18.57,2014-03-31,2013-14,https://paimana-proj.mospi.gov.in/ReportPage/ViewPdf?id=92&path=Content/ArchiveReport/flash/2013-14/FR_mar_2014.pdf
,"SUPPLIMENTARY TRANSMISSION ASSOCIATED WITH 08/2008 2,360.95 2,580.90 08/",Power,,2012.0,2014-03-01,9.32,2014-03-31,2013-14,https://paimana-proj.mospi.gov.in/ReportPage/ViewPdf?id=92&path=Content/ArchiveReport/flash/2013-14/FR_mar_2014.pdf
,"TOLLYGANJ-GARIA WITH EXTENSION TO DUM DUM- 03/2000 907.69 3,176.10 12/",Virudhunagar(Sr)(Gc)                            -                             -                               -,,2006.0,2010-08-01,249.91,2014-03-31,2013-14,https://paimana-proj.mospi.gov.in/ReportPage/ViewPdf?id=92&path=Content/ArchiveReport/flash/2013-14/FR_mar_2014.pdf
,HYDERABAD/SECUNDERABD MULTI MODAL 04/2012 632.68 816.55 04/,Suburban Gc                       -                                            -                               -,,2012.0,2016-03-01,29.06,2014-03-31,2013-14,https://paimana-proj.mospi.gov.in/ReportPage/ViewPdf?id=92&path=Content/ArchiveReport/flash/2013-14/FR_mar_2014.pdf
,ACQUISITION OF TWO(2) NOS. OF 317000 DWT VERY 10/2010 966.46 994.82 02/,Shipping And Ports,,2014.0,2014-04-01,2.93,2014-03-31,2013-14,https://paimana-proj.mospi.gov.in/ReportPage/ViewPdf?id=92&path=Content/ArchiveReport/flash/2013-14/FR_mar_2014.pdf
,RAIL CONNECTIVITY TO ICTT AT VALLARPADAM AT 03/2007 245.67 373.22 04/,Large Crude Carriers From M/S Jiangsu                                            -                                -,,2009.0,2011-02-01,51.92,2014-03-31,2013-14,https://paimana-proj.mospi.gov.in/ReportPage/ViewPdf?id=92&path=Content/ArchiveReport/flash/2013-14/FR_mar_2014.pdf
,"GORAKHPUR BYPASS, NH-28, PHASE-II EAST-WEST",Annexure-I,,600.24,2009-10-01,805.1,2012-04-30,2012-13,https://paimana-proj.mospi.gov.in/ReportPage/ViewPdf?id=1285&path=Content/ArchiveReport/flash/2012-13/FR_MAR_2013.pdf
,"DIESEL HYDRO TREATMENT PROJECT,BRPL",Corrid(National Highways Authority Of India) -,,1431.91,2009-09-01,1596.8,2012-05-31,2012-13,https://paimana-proj.mospi.gov.in/ReportPage/ViewPdf?id=1285&path=Content/ArchiveReport/flash/2012-13/FR_MAR_2013.pdf
,IMMEDIATE EVACUATION SYSTEM FOR NABINAGAR,Devi(National Highways Authority Of India) -,,215.86,2012-06-01,179.7,2012-06-30,2012-13,https://paimana-proj.mospi.gov.in/ReportPage/ViewPdf?id=1285&path=Content/ArchiveReport/flash/2012-13/FR_MAR_2013.pdf
,WESTERN REGION SYSTEM STRENGHTENING SCHEME-,Tps(Power Grid Corporation Of India Limited) -,,409.5,2012-02-01,123.5,2012-07-31,2012-13,https://paimana-proj.mospi.gov.in/ReportPage/ViewPdf?id=1285&path=Content/ArchiveReport/flash/2012-13/FR_MAR_2013.pdf
,NORTHERN REGION SYSTEM STRENGHTENING SCHEME-,Boka(Steel Authority Of India Limited (Sail)) -,,317.69,2011-11-01,199.5,2012-08-31,2012-13,https://paimana-proj.mospi.gov.in/ReportPage/ViewPdf?id=1285&path=Content/ArchiveReport/flash/2012-13/FR_MAR_2013.pdf
,END OF DURG BYPASS-CHHATISGARH/MAHARASHTRA,Xiii(Power Grid Corporation Of India Limited) -,,464.0,2011-01-01,535.62,2012-12-31,2012-13,https://paimana-proj.mospi.gov.in/ReportPage/ViewPdf?id=1285&path=Content/ArchiveReport/flash/2012-13/FR_MAR_2013.pdf
220100279,"REWARI-ROHTAK (NL),NR(NORTHERN RAILWAY) - [220100279]",Border(National Highways Authority Of India) -,NORTHERN RAILWAY,149.38,2010-02-01,508.76,2013-01-31,2012-13,https://paimana-proj.mospi.gov.in/ReportPage/ViewPdf?id=1285&path=Content/ArchiveReport/flash/2012-13/FR_MAR_2013.pdf
,URANIUM ORE MINE and PROCESSING PLANT AT,Border(National Highways Authority Of India) -,,1106.29,2011-04-01,1084.24,2013-02-28,2012-13,https://paimana-proj.mospi.gov.in/ReportPage/ViewPdf?id=1285&path=Content/ArchiveReport/flash/2012-13/FR_MAR_2013.pdf
,TRANSMISSION SYSTEM ASSOCIATED WITH,Tummalap(Uranium Corporation Of India Limited) -,,779.21,2013-08-01,756.5,2013-03-31,2012-13,https://paimana-proj.mospi.gov.in/ReportPage/ViewPdf?id=1285&path=Content/ArchiveReport/flash/2012-13/FR_MAR_2013.pdf
,"CONSTRUCTION OF NEW PROCESS 01/2007 2,853.29 05/2010",Annexure-I,,6326.4,2013-03-01,5659.05,2013-03-31,2012-13,https://paimana-proj.mospi.gov.in/ReportPage/ViewPdf?id=1285&path=Content/ArchiveReport/flash/2012-13/FR_MAR_2013.pdf
,ADDITIONAL GAS PROCESSING FACILITY AT 02/2008 370.11 04/2011,Complex Mhn,,370.11,2013-03-01,279.73,2013-03-31,2012-13,https://paimana-proj.mospi.gov.in/ReportPage/ViewPdf?id=1285&path=Content/ArchiveReport/flash/2012-13/FR_MAR_2013.pdf
,"INTEGRATED OFFSHORE CRUDE OIL 12/2009 1,492.33 06/2012",Hazira,,1492.33,2013-03-01,1219.5,2013-03-31,2012-13,https://paimana-proj.mospi.gov.in/ReportPage/ViewPdf?id=1285&path=Content/ArchiveReport/flash/2012-13/FR_MAR_2013.pdf
,TR. SYSTEM ASSOCIATED WITH CHAMERA III 04/2008 297.37 07/2011,Handling Facilities,,386.32,2013-03-01,338.93,2013-03-31,2012-13,https://paimana-proj.mospi.gov.in/ReportPage/ViewPdf?id=1285&path=Content/ArchiveReport/flash/2012-13/FR_MAR_2013.pdf
,TRANSMISSION SYSTEM ASSOCIATED WITH 12/2010 779.21 08/2013,Hep,,779.21,2013-03-01,756.5,2013-03-31,2012-13,https://paimana-proj.mospi.gov.in/ReportPage/ViewPdf?id=1285&path=Content/ArchiveReport/flash/2012-13/FR_MAR_2013.pdf
,ASSAM/WB BORDER TO GAIRKATTA (WB-1) 12/2003 221.82 11/2008,Krishnapatnam,,221.82,2013-03-01,299.96,2013-03-31,2012-13,https://paimana-proj.mospi.gov.in/ReportPage/ViewPdf?id=1285&path=Content/ArchiveReport/flash/2012-13/FR_MAR_2013.pdf
,"Hyderabad-Vijaywada Km. 40 to 221.50 Km 04/2010 1,740.00 10/2012",Krishnapatnam,,1740.0,2013-03-01,1944.2,2013-03-31,2012-13,https://paimana-proj.mospi.gov.in/ReportPage/ViewPdf?id=1285&path=Content/ArchiveReport/flash/2012-13/FR_MAR_2013.pdf
,MP/Maharashtra Border-Dhula 12/2009 835.00 06/2012,Krishnapatnam,,835.0,2013-03-01,1068.7,2013-03-31,2012-13,https://paimana-proj.mospi.gov.in/ReportPage/ViewPdf?id=1285&path=Content/ArchiveReport/flash/2012-13/FR_MAR_2013.pdf
,"RAJMARG CHORAHA TO LAKHNANDON,KM 12/2003 229.91 10/2008",Krishnapatnam,,229.91,2013-03-01,289.95,2013-03-31,2012-13,https://paimana-proj.mospi.gov.in/ReportPage/ViewPdf?id=1285&path=Content/ArchiveReport/flash/2012-13/FR_MAR_2013.pdf
,"KANIHA OCP, MCL, (10.0 Mty) MCL 457.77 457.77 03/2013 03/",Krishnapatnam,,2013.0,2015-03-01,24.0,2013-03-31,2012-13,https://paimana-proj.mospi.gov.in/ReportPage/ViewPdf?id=1285&path=Content/ArchiveReport/flash/2012-13/FR_MAR_2013.pdf
,330 TPH BOILER-6 AND AUXILIARY SYSTEM 260.00 350.00 08/2010 03/,Krishnapatnam,,2013.0,2013-04-01,1.0,2013-03-31,2012-13,https://paimana-proj.mospi.gov.in/ReportPage/ViewPdf?id=1285&path=Content/ArchiveReport/flash/2012-13/FR_MAR_2013.pdf
,"EXPANSION OF IISCO STEEL PLANT SAIL 14,443.00 16,408.00 12/2011 06/",Rinl,,2013.0,2013-12-01,6.0,2013-03-31,2012-13,https://paimana-proj.mospi.gov.in/ReportPage/ViewPdf?id=1285&path=Content/ArchiveReport/flash/2012-13/FR_MAR_2013.pdf
,IOR of B-173A Field ONGC 352.49 352.49 03/2014 03/,Rinl,,2014.0,2014-04-01,1.0,2013-03-31,2012-13,https://paimana-proj.mospi.gov.in/ReportPage/ViewPdf?id=1285&path=Content/ArchiveReport/flash/2012-13/FR_MAR_2013.pdf
,AUGMENTATION OF PARADIP HALDIA 586.00 586.00 07/2015 07/,Rinl,,2015.0,2015-08-01,1.0,2013-03-31,2012-13,https://paimana-proj.mospi.gov.in/ReportPage/ViewPdf?id=1285&path=Content/ArchiveReport/flash/2012-13/FR_MAR_2013.pdf
,North Tapti Gas Field Development ONGC 589.70 755.76 03/2011 03/,Barauni Pipeline Iocl,,2013.0,2013-05-01,2.0,2013-03-31,2012-13,https://paimana-proj.mospi.gov.in/ReportPage/ViewPdf?id=1285&path=Content/ArchiveReport/flash/2012-13/FR_MAR_2013.pdf
,BUTADIENE EXTRACTION UNIT (BDEU) AT 341.50 341.50 02/2013 03/,Barauni Pipeline Iocl,,2013.0,2013-05-01,2.0,2013-03-31,2012-13,https://paimana-proj.mospi.gov.in/ReportPage/ViewPdf?id=1285&path=Content/ArchiveReport/flash/2012-13/FR_MAR_2013.pdf
,"IOR, RUDRASAGAR (ONGCL) ONGC 113.90 438.85 03/2006 03/",Panipat Iocl,,2013.0,2013-06-01,3.0,2013-03-31,2012-13,https://paimana-proj.mospi.gov.in/ReportPage/ViewPdf?id=1285&path=Content/ArchiveReport/flash/2012-13/FR_MAR_2013.pdf
,"DIESEL HYDROTREATOR PROJECT AT 3,597.00 2,730.00 09/2011 03/",Panipat Iocl,,2013.0,2013-06-01,3.0,2013-03-31,2012-13,https://paimana-proj.mospi.gov.in/ReportPage/ViewPdf?id=1285&path=Content/ArchiveReport/flash/2012-13/FR_MAR_2013.pdf
,"Polypropylene unit Mangalore Refin 1,803.78 1,803.78 07/2012 06/",Visakh Refinery Hpcl,,2013.0,2013-10-01,4.0,2013-03-31,2012-13,https://paimana-proj.mospi.gov.in/ReportPage/ViewPdf?id=1285&path=Content/ArchiveReport/flash/2012-13/FR_MAR_2013.pdf
,"TEESTA LOW DAM STAGE III 768.92 1,628.00 03/2007 03/",Visakh Refinery Hpcl,,2013.0,2013-04-01,1.0,2013-03-31,2012-13,https://paimana-proj.mospi.gov.in/ReportPage/ViewPdf?id=1285&path=Content/ArchiveReport/flash/2012-13/FR_MAR_2013.pdf
,TRANSMISSION SYSTEM ASSOCIATED WITH 557.24 758.75 01/2010 03/,Hydroelectric Power Proje Nhpc,,2013.0,2013-04-01,1.0,2013-03-31,2012-13,https://paimana-proj.mospi.gov.in/ReportPage/ViewPdf?id=1285&path=Content/ArchiveReport/flash/2012-13/FR_MAR_2013.pdf
,INTERCONNECTION BETWEEN 160.32 160.32 10/2012 03/,Parbati-Iii Hep Pgcil,,2013.0,2013-04-01,1.0,2013-03-31,2012-13,https://paimana-proj.mospi.gov.in/ReportPage/ViewPdf?id=1285&path=Content/ArchiveReport/flash/2012-13/FR_MAR_2013.pdf
,"765 KV POOLING STATION AND NETWORK 7,075.33 7,075.33 08/2012 01/",Electtrical Grids Of India And B Pgcil,,2014.0,2014-03-01,2.0,2013-03-31,2012-13,https://paimana-proj.mospi.gov.in/ReportPage/ViewPdf?id=1285&path=Content/ArchiveReport/flash/2012-13/FR_MAR_2013.pdf
,EASTERN REGION STRENGTHENING 975.96 975.96 10/2009 06/,With Dvc And Ma Pgcil,,2013.0,2013-09-01,3.0,2013-03-31,2012-13,https://paimana-proj.mospi.gov.in/ReportPage/ViewPdf?id=1285&path=Content/ArchiveReport/flash/2012-13/FR_MAR_2013.pdf
,NORTHERN REGION SYSTEM 520.48 520.48 11/2011 12/,Scheme-I Pgcil,,2013.0,2014-03-01,3.0,2013-03-31,2012-13,https://paimana-proj.mospi.gov.in/ReportPage/ViewPdf?id=1285&path=Content/ArchiveReport/flash/2012-13/FR_MAR_2013.pdf
,"SUPPLEMENTRY TRANSMISSION 2,360.95 2,360.95 08/2012 12/",Strenghtening Scheme-Xv Pgcil,,2013.0,2014-03-01,3.0,2013-03-31,2012-13,https://paimana-proj.mospi.gov.in/ReportPage/ViewPdf?id=1285&path=Content/ArchiveReport/flash/2012-13/FR_MAR_2013.pdf
,"TRANSMISSION SYSTEM ASSOCIATED WITH 7,031.88 7,031.88 12/2012 06/",Associated With Dvc And Pgcil,,2013.0,2013-12-01,6.0,2013-03-31,2012-13,https://paimana-proj.mospi.gov.in/ReportPage/ViewPdf?id=1285&path=Content/ArchiveReport/flash/2012-13/FR_MAR_2013.pdf
,"GADWAL - RAICHUR (NL), SCR SCR 92.63 270.00 02/2011 02/",Sasan Ultra Me Pgcil,,2013.0,2013-03-01,1.0,2013-03-31,2012-13,https://paimana-proj.mospi.gov.in/ReportPage/ViewPdf?id=1285&path=Content/ArchiveReport/flash/2012-13/FR_MAR_2013.pdf
,LANJHIGARH-JUNAGARH NL(ECOR) ECOR 100.00 227.94 03/2002 03/,Sasan Ultra Me Pgcil,,2013.0,2013-06-01,3.0,2013-03-31,2012-13,https://paimana-proj.mospi.gov.in/ReportPage/ViewPdf?id=1285&path=Content/ArchiveReport/flash/2012-13/FR_MAR_2013.pdf
,"BANKURA - DAMODAR (GC) (SER) SER 111.90 1,423.98 03/2005 06/",Sasan Ultra Me Pgcil,,2016.0,2016-12-01,6.0,2013-03-31,2012-13,https://paimana-proj.mospi.gov.in/ReportPage/ViewPdf?id=1285&path=Content/ArchiveReport/flash/2012-13/FR_MAR_2013.pdf
,"RAJATGARH-BARANG(LD),ECOR RVNL 166.16 288.00 02/2009 04/",Sasan Ultra Me Pgcil,,2013.0,2014-08-01,16.0,2013-03-31,2012-13,https://paimana-proj.mospi.gov.in/ReportPage/ViewPdf?id=1285&path=Content/ArchiveReport/flash/2012-13/FR_MAR_2013.pdf
,"GANJAM-ICCHAPURUM,NH-5(NHAI) NHAI 263.27 263.27 02/2004 03/",Sasan Ultra Me Pgcil,,2013.0,2013-04-01,1.0,2013-03-31,2012-13,https://paimana-proj.mospi.gov.in/ReportPage/ViewPdf?id=1285&path=Content/ArchiveReport/flash/2012-13/FR_MAR_2013.pdf
,"GWALIOR BYPSS, NH-75,3 NHAI 300.93 300.93 10/2009 03/",Sasan Ultra Me Pgcil,,2013.0,2013-04-01,1.0,2013-03-31,2012-13,https://paimana-proj.mospi.gov.in/ReportPage/ViewPdf?id=1285&path=Content/ArchiveReport/flash/2012-13/FR_MAR_2013.pdf
,Armur to kadloor yellareddy NHAI 390.56 390.56 02/2012 03/,Sasan Ultra Me Pgcil,,2013.0,2013-04-01,1.0,2013-03-31,2012-13,https://paimana-proj.mospi.gov.in/ReportPage/ViewPdf?id=1285&path=Content/ArchiveReport/flash/2012-13/FR_MAR_2013.pdf
,DELHI/ HARYANA BORDER TO ROHTAK 486.00 486.00 05/2010 03/,Sasan Ultra Me Pgcil,,2013.0,2013-06-01,3.0,2013-03-31,2012-13,https://paimana-proj.mospi.gov.in/ReportPage/ViewPdf?id=1285&path=Content/ArchiveReport/flash/2012-13/FR_MAR_2013.pdf
,"PATHANKOT- BHOGPUR, KM.26-KM.70, NS- 284.00 359.00 05/2008 03/",Nhai,,2013.0,2013-09-01,6.0,2013-03-31,2012-13,https://paimana-proj.mospi.gov.in/ReportPage/ViewPdf?id=1285&path=Content/ArchiveReport/flash/2012-13/FR_MAR_2013.pdf
,"SETTING UP OF LNG REGASIFICATION 3,500.00 4,150.00 01/2012 03/",Nhai,,2013.0,2013-04-01,1.0,2013-03-31,2012-13,https://paimana-proj.mospi.gov.in/ReportPage/ViewPdf?id=1285&path=Content/ArchiveReport/flash/2012-13/FR_MAR_2013.pdf
,"CONST. & DEV. OF 2 OFFSHORE 1,228.00 1,460.00 12/2010 12/",Terminal At Puthu Port Trust,,2013.0,2014-04-01,4.0,2013-03-31,2012-13,https://paimana-proj.mospi.gov.in/ReportPage/ViewPdf?id=1285&path=Content/ArchiveReport/flash/2012-13/FR_MAR_2013.pdf
,TR. SYSTEM FOR STARTUP POWER TO DVC AND MAITHON,Annexure-I,,290.49,2010-04-01,346.8,2011-05-31,2011-12,https://paimana-proj.mospi.gov.in/ReportPage/ViewPdf?id=1273&path=Content/ArchiveReport/flash/2011-12/FR_MARCH_2012.pdf
,EAST-WEST TRANSNISSION CORRIDOR STRENGTHNING,Rb(Power Grid Corporation Of India Limited) -,,803.7,2009-06-01,667.01,2011-06-30,2011-12,https://paimana-proj.mospi.gov.in/ReportPage/ViewPdf?id=1273&path=Content/ArchiveReport/flash/2011-12/FR_MARCH_2012.pdf
,TRANSMISSION SYSTEM ASSOCIATED WITH KORBA III,Scheme(Power Grid Corporation Of India Limited) -,,276.61,2011-06-01,199.16,2011-06-30,2011-12,https://paimana-proj.mospi.gov.in/ReportPage/ViewPdf?id=1273&path=Content/ArchiveReport/flash/2011-12/FR_MARCH_2012.pdf
,IMPROVEMENT OF ACCESS OF GQ WITHIN CHENNAI,Gene(Power Grid Corporation Of India Limited) -,,210.0,2007-04-01,672.97,2011-07-31,2011-12,https://paimana-proj.mospi.gov.in/ReportPage/ViewPdf?id=1273&path=Content/ArchiveReport/flash/2011-12/FR_MARCH_2012.pdf
,EST. OF 400/220 KV GIS POOLING STATION NEAR,City(Nhai) Others(National Highways Authority Of,,262.1,2010-09-01,164.0,2011-08-31,2011-12,https://paimana-proj.mospi.gov.in/ReportPage/ViewPdf?id=1273&path=Content/ArchiveReport/flash/2011-12/FR_MARCH_2012.pdf
,TRANSMISSION SYSTEM ASSOCIATED WITH FARAKKA-,Chamer(Power Grid Corporation Of India Limited) -,,204.07,2011-06-01,129.6,2011-10-31,2011-12,https://paimana-proj.mospi.gov.in/ReportPage/ViewPdf?id=1273&path=Content/ArchiveReport/flash/2011-12/FR_MARCH_2012.pdf
,"GAGODHAR-GARAMORE(PK-IV,NH15) KM 245 TO 281.3 AND",Iii(Power Grid Corporation Of India Limited) -,,412.78,2007-11-01,437.8,2012-02-29,2011-12,https://paimana-proj.mospi.gov.in/ReportPage/ViewPdf?id=1273&path=Content/ArchiveReport/flash/2011-12/FR_MARCH_2012.pdf
,NORTHERN REGION SYSTEM STRENGHTENING SCHEME-,Iii(Power Grid Corporation Of India Limited) -,,210.79,2011-08-01,169.6,2012-03-31,2011-12,https://paimana-proj.mospi.gov.in/ReportPage/ViewPdf?id=1273&path=Content/ArchiveReport/flash/2011-12/FR_MARCH_2012.pdf
,ZIRAKPUR(HARYANA) -PARWANOO(HIMACHAL,Xvii(Power Grid Corporation Of India Limited) -,,295.0,2010-08-01,763.8,2012-03-31,2011-12,https://paimana-proj.mospi.gov.in/ReportPage/ViewPdf?id=1273&path=Content/ArchiveReport/flash/2011-12/FR_MARCH_2012.pdf
,D/O OF TERMINAL BLDG. AND PAVEMENT WORKS AT,Annexure-I,,535.0,2010-06-01,143.97,2011-05-31,2011-12,https://paimana-proj.mospi.gov.in/ReportPage/ViewPdf?id=1273&path=Content/ArchiveReport/flash/2011-12/FR_MARCH_2012.pdf
,NEELAM RECONSTRUCTION 05/2008 305.08 04/2011,Chenna(Airport Authority Of India Limited) -,,305.08,2012-03-01,298.66,2012-03-31,2011-12,https://paimana-proj.mospi.gov.in/ReportPage/ViewPdf?id=1273&path=Content/ArchiveReport/flash/2011-12/FR_MARCH_2012.pdf
,"BAWANA NANGAL PIPE LINE PROJECT 11/2007 1,816.07 12/2011",Chenna(Airport Authority Of India Limited) -,,1385.0,2012-03-01,1209.4,2012-03-31,2011-12,https://paimana-proj.mospi.gov.in/ReportPage/ViewPdf?id=1273&path=Content/ArchiveReport/flash/2011-12/FR_MARCH_2012.pdf
,MNW-NF BRIDGE PROJECT 05/2008 175.21 03/2009,Chenna(Airport Authority Of India Limited) -,,175.21,2012-02-01,172.42,2012-03-31,2011-12,https://paimana-proj.mospi.gov.in/ReportPage/ViewPdf?id=1273&path=Content/ArchiveReport/flash/2011-12/FR_MARCH_2012.pdf
,HEERA RECONSTRUCTION 05/2008 706.70 04/2010,Chenna(Airport Authority Of India Limited) -,,706.7,2012-03-01,700.75,2012-03-31,2011-12,https://paimana-proj.mospi.gov.in/ReportPage/ViewPdf?id=1273&path=Content/ArchiveReport/flash/2011-12/FR_MARCH_2012.pdf
,WIND ENERGY 05/2011 616.00 N.A.,Chenna(Airport Authority Of India Limited) -,,616.0,2012-03-01,344.74,2012-03-31,2011-12,https://paimana-proj.mospi.gov.in/ReportPage/ViewPdf?id=1273&path=Content/ArchiveReport/flash/2011-12/FR_MARCH_2012.pdf
,REFRIGERATED LPG STORAGE AT JNPT 06/2008 304.40 09/2010,Chenna(Airport Authority Of India Limited) -,,304.4,2012-01-01,271.0,2012-03-31,2011-12,https://paimana-proj.mospi.gov.in/ReportPage/ViewPdf?id=1273&path=Content/ArchiveReport/flash/2011-12/FR_MARCH_2012.pdf
,BRANCH PIPELINE FROM KSPL VIRAMGAON 02/2009 250.00 03/2013,Chenna(Airport Authority Of India Limited) -,,250.0,2012-03-01,233.51,2012-03-31,2011-12,https://paimana-proj.mospi.gov.in/ReportPage/ViewPdf?id=1273&path=Content/ArchiveReport/flash/2011-12/FR_MARCH_2012.pdf
,NORTHERN REGION SYSTEM 02/2009 210.79 08/2011,To Kandla,,210.79,2012-01-01,169.6,2012-03-31,2011-12,https://paimana-proj.mospi.gov.in/ReportPage/ViewPdf?id=1273&path=Content/ArchiveReport/flash/2011-12/FR_MARCH_2012.pdf
,ZIRAKPUR(HARYANA) - 02/2008 295.00 08/2010,Strenghtening Scheme-Xvii,,295.0,2012-03-01,763.8,2012-03-31,2011-12,https://paimana-proj.mospi.gov.in/ReportPage/ViewPdf?id=1273&path=Content/ArchiveReport/flash/2011-12/FR_MARCH_2012.pdf
,ESTABLISHMENT OF VESSEL TRAFFIC 01/2002 165.00 12/2005,Parwanoo(Himachal Pradesh),,165.0,2011-10-01,135.85,2012-03-31,2011-12,https://paimana-proj.mospi.gov.in/ReportPage/ViewPdf?id=1273&path=Content/ArchiveReport/flash/2011-12/FR_MARCH_2012.pdf
,FTTH BO-3474 /08-09 in Mumbai 04/2010 389.86 09/2011,Terminal At,,389.86,2011-09-01,3.06,2012-03-31,2011-12,https://paimana-proj.mospi.gov.in/ReportPage/ViewPdf?id=1273&path=Content/ArchiveReport/flash/2011-12/FR_MARCH_2012.pdf
,"TUTICORIN THERMAL POWER PROJECT 4,904.54 4,909.54 03/2012 02/",In Chhattisgarh,,2013.0,2014-03-01,13.0,2012-03-31,2011-12,https://paimana-proj.mospi.gov.in/ReportPage/ViewPdf?id=1273&path=Content/ArchiveReport/flash/2011-12/FR_MARCH_2012.pdf
,"BALRAM OCP EXTENSION,MCL (8.00 Mty) 172.08 172.08 03/2010 03/",Nlc,,2010.0,2015-03-01,60.0,2012-03-31,2011-12,https://paimana-proj.mospi.gov.in/ReportPage/ViewPdf?id=1273&path=Content/ArchiveReport/flash/2011-12/FR_MARCH_2012.pdf
,CAPACITY ENHANCEMENT OF VIJAIPUR-I 325.00 325.00 07/2011 03/,Mcl,,2012.0,2012-04-01,1.0,2012-03-31,2011-12,https://paimana-proj.mospi.gov.in/ReportPage/ViewPdf?id=1273&path=Content/ArchiveReport/flash/2011-12/FR_MARCH_2012.pdf
,CAPACITY ENHANCEMENT OF AMMONIA 438.00 438.00 07/2011 04/,Plants Nfl,,2012.0,2012-07-01,3.0,2012-03-31,2011-12,https://paimana-proj.mospi.gov.in/ReportPage/ViewPdf?id=1273&path=Content/ArchiveReport/flash/2011-12/FR_MARCH_2012.pdf
,67.5 MW TG-5 AUX. S'TEM EMERGENCY 230.00 343.58 02/2011 04/,And Urea Plant Vij Nfl,,2012.0,2012-06-01,2.0,2012-03-31,2011-12,https://paimana-proj.mospi.gov.in/ReportPage/ViewPdf?id=1273&path=Content/ArchiveReport/flash/2011-12/FR_MARCH_2012.pdf
,330 TPH BOILER-6 AND AUXILIARY SYSTEM 260.00 350.00 08/2010 03/,Power Requirem Rinl,,2012.0,2012-05-01,2.0,2012-03-31,2011-12,https://paimana-proj.mospi.gov.in/ReportPage/ViewPdf?id=1273&path=Content/ArchiveReport/flash/2011-12/FR_MARCH_2012.pdf
,"EXPANSION OF BHILAI STEEL PLANT SAIL 17,265.00 17,265.00 03/2013 06/",Rinl,,2013.0,2013-09-01,3.0,2012-03-31,2011-12,https://paimana-proj.mospi.gov.in/ReportPage/ViewPdf?id=1273&path=Content/ArchiveReport/flash/2011-12/FR_MARCH_2012.pdf
,"EXPANSION OF DURGAPUR STEEL PLANT 2,875.00 2,875.00 12/2012 12/",Rinl,,2012.0,2013-03-01,3.0,2012-03-31,2011-12,https://paimana-proj.mospi.gov.in/ReportPage/ViewPdf?id=1273&path=Content/ArchiveReport/flash/2011-12/FR_MARCH_2012.pdf
,Bailadila Iron Ore Deposit- IIB(NMDC) NMDC 295.89 607.17 12/2011 03/,Sail,,2012.0,2012-10-01,7.0,2012-03-31,2011-12,https://paimana-proj.mospi.gov.in/ReportPage/ViewPdf?id=1273&path=Content/ArchiveReport/flash/2011-12/FR_MARCH_2012.pdf
,"EXPANSION OF BOKARO STEEL PLANT SAIL 6,325.00 6,325.00 12/2011 03/",Sail,,2012.0,2012-10-01,7.0,2012-03-31,2011-12,https://paimana-proj.mospi.gov.in/ReportPage/ViewPdf?id=1273&path=Content/ArchiveReport/flash/2011-12/FR_MARCH_2012.pdf
,KOCHI-KOOTANAD BANGALORE- 348.00 261.00 03/2012 04/,Sail,,2012.0,2012-05-01,1.0,2012-03-31,2011-12,https://paimana-proj.mospi.gov.in/ReportPage/ViewPdf?id=1273&path=Content/ArchiveReport/flash/2011-12/FR_MARCH_2012.pdf
,"Development of Cluster-7 Fields ONGC 3,241.03 3,241.03 03/2013 03/",Mangalore Pipeline Projec Gail,,2013.0,2013-04-01,1.0,2012-03-31,2011-12,https://paimana-proj.mospi.gov.in/ReportPage/ViewPdf?id=1273&path=Content/ArchiveReport/flash/2011-12/FR_MARCH_2012.pdf
,Development of BHE and BH-35 Area. ONGC 372.11 372.11 03/2013 03/,Mangalore Pipeline Projec Gail,,2013.0,2013-04-01,1.0,2012-03-31,2011-12,https://paimana-proj.mospi.gov.in/ReportPage/ViewPdf?id=1273&path=Content/ArchiveReport/flash/2011-12/FR_MARCH_2012.pdf
,"CONSTRUCTION OF NEW PROCESS 2,853.29 6,326.40 05/2010 05/",Mangalore Pipeline Projec Gail,,2012.0,2012-07-01,2.0,2012-03-31,2011-12,https://paimana-proj.mospi.gov.in/ReportPage/ViewPdf?id=1273&path=Content/ArchiveReport/flash/2011-12/FR_MARCH_2012.pdf
,VKPL UPGRADATION AND LAYING OF 463.32 330.47 03/2012 03/,Complex Mhn Ongc,,2012.0,2012-06-01,3.0,2012-03-31,2011-12,https://paimana-proj.mospi.gov.in/ReportPage/ViewPdf?id=1273&path=Content/ArchiveReport/flash/2011-12/FR_MARCH_2012.pdf
,CONSTRUCTION OF TANKS AND BLENDING 267.00 267.00 09/2012 06/,Spurline (To Bhilwara And Chi Gail,,2012.0,2012-09-01,3.0,2012-03-31,2011-12,https://paimana-proj.mospi.gov.in/ReportPage/ViewPdf?id=1273&path=Content/ArchiveReport/flash/2011-12/FR_MARCH_2012.pdf
,CDU/VDU-II CPCL 333.99 333.99 N.A. 05/,Facility At Vad Iocl,,2012.0,2012-09-01,4.0,2012-03-31,2011-12,https://paimana-proj.mospi.gov.in/ReportPage/ViewPdf?id=1273&path=Content/ArchiveReport/flash/2011-12/FR_MARCH_2012.pdf
,"MRPL Phase-III Expansion Mangalore Refin 12,412.00 12,160.26 01/2012 06/",Facility At Vad Iocl,,2012.0,2012-10-01,4.0,2012-03-31,2011-12,https://paimana-proj.mospi.gov.in/ReportPage/ViewPdf?id=1273&path=Content/ArchiveReport/flash/2011-12/FR_MARCH_2012.pdf
,"ADDITIONAL DEV. OF D-1 FIELD ONGC 2,163.64 2,163.64 06/2012 06/",Facility At Vad Iocl,,2012.0,2012-12-01,6.0,2012-03-31,2011-12,https://paimana-proj.mospi.gov.in/ReportPage/ViewPdf?id=1273&path=Content/ArchiveReport/flash/2011-12/FR_MARCH_2012.pdf
,"ASSAM RENEWAL PROJECT FOR GROUP A 2,465.15 2,378.86 03/2013 03/",Facility At Vad Iocl,,2013.0,2014-03-01,12.0,2012-03-31,2011-12,https://paimana-proj.mospi.gov.in/ReportPage/ViewPdf?id=1273&path=Content/ArchiveReport/flash/2011-12/FR_MARCH_2012.pdf
,"SIPAT STPP STAGE - I (NTPC) NTPC 8,323.39 8,323.39 12/2009 03/",Ongc,,2012.0,2012-04-01,1.0,2012-03-31,2011-12,https://paimana-proj.mospi.gov.in/ReportPage/ViewPdf?id=1273&path=Content/ArchiveReport/flash/2011-12/FR_MARCH_2012.pdf
,EASTERN REGION STRENGTHENING 975.96 975.96 10/2009 03/,Ongc,,2012.0,2012-05-01,2.0,2012-03-31,2011-12,https://paimana-proj.mospi.gov.in/ReportPage/ViewPdf?id=1273&path=Content/ArchiveReport/flash/2011-12/FR_MARCH_2012.pdf
,SYSTEM STRENGHTENING -XI IN 196.10 196.10 07/2011 03/,Scheme-I Pgcil,,2012.0,2012-05-01,2.0,2012-03-31,2011-12,https://paimana-proj.mospi.gov.in/ReportPage/ViewPdf?id=1273&path=Content/ArchiveReport/flash/2011-12/FR_MARCH_2012.pdf
,TRANSMISSION SYSTEM ASSOCIATED WITH 557.24 557.24 01/2010 09/,Southern Region Pgcil,,2012.0,2012-12-01,3.0,2012-03-31,2011-12,https://paimana-proj.mospi.gov.in/ReportPage/ViewPdf?id=1273&path=Content/ArchiveReport/flash/2011-12/FR_MARCH_2012.pdf
,WESTERN REGION SYSTEM 409.50 409.50 02/2012 03/,Parbati-Iii Hep Pgcil,,2012.0,2012-06-01,3.0,2012-03-31,2011-12,https://paimana-proj.mospi.gov.in/ReportPage/ViewPdf?id=1273&path=Content/ArchiveReport/flash/2011-12/FR_MARCH_2012.pdf
,IMMEDIATE EVACUATION SYSTEM FOR 215.86 215.86 06/2012 03/,Strenghtening Scheme-Xi Pgcil,,2012.0,2012-06-01,3.0,2012-03-31,2011-12,https://paimana-proj.mospi.gov.in/ReportPage/ViewPdf?id=1273&path=Content/ArchiveReport/flash/2011-12/FR_MARCH_2012.pdf
,INTERCONNECTION BETWEEN 160.32 160.32 10/2012 10/,Nabinagar Tps Pgcil,,2012.0,2013-03-01,5.0,2012-03-31,2011-12,https://paimana-proj.mospi.gov.in/ReportPage/ViewPdf?id=1273&path=Content/ArchiveReport/flash/2011-12/FR_MARCH_2012.pdf
,"URI H.E.P STAGE -II (NHPC) NHPC 1,729.29 1,794.00 11/2009 08/",Electtrical Grids Of India And B Pgcil,,2012.0,2013-02-01,6.0,2012-03-31,2011-12,https://paimana-proj.mospi.gov.in/ReportPage/ViewPdf?id=1273&path=Content/ArchiveReport/flash/2011-12/FR_MARCH_2012.pdf
,"WESTERN REGION STRENGTHENING 5,221.23 5,221.23 07/2010 06/",Electtrical Grids Of India And B Pgcil,,2012.0,2012-12-01,6.0,2012-03-31,2011-12,https://paimana-proj.mospi.gov.in/ReportPage/ViewPdf?id=1273&path=Content/ArchiveReport/flash/2011-12/FR_MARCH_2012.pdf
,TRANSMISSION SYSTEM ASSOCIATED WITH 184.19 184.19 11/2011 03/,Scheme-Ii Pgcil,,2013.0,2013-09-01,6.0,2012-03-31,2011-12,https://paimana-proj.mospi.gov.in/ReportPage/ViewPdf?id=1273&path=Content/ArchiveReport/flash/2011-12/FR_MARCH_2012.pdf
,TR. SYSTEM ASSOCIATED WITH CHAMERA 297.37 297.91 07/2011 06/,Rampur Hep Pgcil,,2012.0,2012-12-01,6.0,2012-03-31,2011-12,https://paimana-proj.mospi.gov.in/ReportPage/ViewPdf?id=1273&path=Content/ArchiveReport/flash/2011-12/FR_MARCH_2012.pdf
,"BONGAIGAON THERMAL POWER PROJECT 4,375.35 4,375.35 06/2011 04/",Iii Hep Pgcil,,2014.0,2014-11-01,7.0,2012-03-31,2011-12,https://paimana-proj.mospi.gov.in/ReportPage/ViewPdf?id=1273&path=Content/ArchiveReport/flash/2011-12/FR_MARCH_2012.pdf
,"SUPPLEMENTRY TRANSMISSION 2,360.95 2,360.95 08/2012 08/",Ntpc,,2012.0,2013-03-01,7.0,2012-03-31,2011-12,https://paimana-proj.mospi.gov.in/ReportPage/ViewPdf?id=1273&path=Content/ArchiveReport/flash/2011-12/FR_MARCH_2012.pdf
,"765 KV POOLING STATION AND NETWORK 7,075.33 7,075.33 08/2012 08/",Associated With Dvc And Pgcil,,2012.0,2013-03-01,7.0,2012-03-31,2011-12,https://paimana-proj.mospi.gov.in/ReportPage/ViewPdf?id=1273&path=Content/ArchiveReport/flash/2011-12/FR_MARCH_2012.pdf
,"TRANSMISSION SYSTEM OF VINDHYACHAL- 4,672.99 4,672.99 11/2012 11/",With Dvc And Ma Pgcil,,2012.0,2013-06-01,7.0,2012-03-31,2011-12,https://paimana-proj.mospi.gov.in/ReportPage/ViewPdf?id=1273&path=Content/ArchiveReport/flash/2011-12/FR_MARCH_2012.pdf
,"EASTERN REGION TRANSMISSION SYSTEM- 1,272.80 1,272.80 11/2012 11/",Iv And Rihand-I Pgcil,,2012.0,2013-12-01,13.0,2012-03-31,2011-12,https://paimana-proj.mospi.gov.in/ReportPage/ViewPdf?id=1273&path=Content/ArchiveReport/flash/2011-12/FR_MARCH_2012.pdf
,UP/BIHAR BORDER TO KASIA (NH-28)(NHAI) 227.00 227.00 12/2008 03/,Iii Pgcil,,2012.0,2012-04-01,1.0,2012-03-31,2011-12,https://paimana-proj.mospi.gov.in/ReportPage/ViewPdf?id=1273&path=Content/ArchiveReport/flash/2011-12/FR_MARCH_2012.pdf
,"GANJAM-ICCHAPURUM,NH-5(NHAI) NHAI 263.27 263.27 02/2004 05/",Nhai,,2012.0,2012-06-01,1.0,2012-03-31,2011-12,https://paimana-proj.mospi.gov.in/ReportPage/ViewPdf?id=1273&path=Content/ArchiveReport/flash/2011-12/FR_MARCH_2012.pdf
,2-LANNING WITH PS KHAGARIA-PURNEA 664.00 664.00 02/2014 02/,Nhai,,2014.0,2014-04-01,2.0,2012-03-31,2011-12,https://paimana-proj.mospi.gov.in/ReportPage/ViewPdf?id=1273&path=Content/ArchiveReport/flash/2011-12/FR_MARCH_2012.pdf
,"AURANG-RAIPUR, NH-6, KM.232 TO KM.281 190.00 190.00 01/2009 03/",Nhai,,2012.0,2012-06-01,3.0,2012-03-31,2011-12,https://paimana-proj.mospi.gov.in/ReportPage/ViewPdf?id=1273&path=Content/ArchiveReport/flash/2011-12/FR_MARCH_2012.pdf
,DAKOBA TO NAGAON (NH-36)(NHAI) NHAI 225.00 225.00 06/2008 03/,Nhai,,2012.0,2012-06-01,3.0,2012-03-31,2011-12,https://paimana-proj.mospi.gov.in/ReportPage/ViewPdf?id=1273&path=Content/ArchiveReport/flash/2011-12/FR_MARCH_2012.pdf
,JHAJHARPUR TO DARBANGA (BR-7) NHAI 340.00 340.00 09/2008 03/,Nhai,,2012.0,2012-06-01,3.0,2012-03-31,2011-12,https://paimana-proj.mospi.gov.in/ReportPage/ViewPdf?id=1273&path=Content/ArchiveReport/flash/2011-12/FR_MARCH_2012.pdf
,NEW MANGALORE PORT NH-17 AND 48 196.50 196.50 06/2011 03/,Nhai,,2012.0,2012-06-01,3.0,2012-03-31,2011-12,https://paimana-proj.mospi.gov.in/ReportPage/ViewPdf?id=1273&path=Content/ArchiveReport/flash/2011-12/FR_MARCH_2012.pdf
,ASSAM/WB BORDER TO GAIRKATTA (WB-1) 221.82 221.82 11/2008 03/,Nhai,,2012.0,2012-06-01,3.0,2012-03-31,2011-12,https://paimana-proj.mospi.gov.in/ReportPage/ViewPdf?id=1273&path=Content/ArchiveReport/flash/2011-12/FR_MARCH_2012.pdf
,END OF DURG BYPASS- 464.00 464.00 01/2011 03/,Nhai,,2012.0,2012-06-01,3.0,2012-03-31,2011-12,https://paimana-proj.mospi.gov.in/ReportPage/ViewPdf?id=1273&path=Content/ArchiveReport/flash/2011-12/FR_MARCH_2012.pdf
,"Surat- Dahisar(Six Lane) Km 263 to Km 502 1,693.75 1,693.75 08/2011 03/",Nhai,,2012.0,2012-06-01,3.0,2012-03-31,2011-12,https://paimana-proj.mospi.gov.in/ReportPage/ViewPdf?id=1273&path=Content/ArchiveReport/flash/2011-12/FR_MARCH_2012.pdf
,"CHAMBAL BRIDGE, NH-76 (RJ-5) NHAI 275.00 281.31 02/2010 07/",Nhai,,2013.0,2013-12-01,5.0,2012-03-31,2011-12,https://paimana-proj.mospi.gov.in/ReportPage/ViewPdf?id=1273&path=Content/ArchiveReport/flash/2011-12/FR_MARCH_2012.pdf
,"GWALIOR BYPSS, NH-75,3 NHAI 300.93 300.93 10/2009 06/",Nhai,,2012.0,2012-12-01,6.0,2012-03-31,2011-12,https://paimana-proj.mospi.gov.in/ReportPage/ViewPdf?id=1273&path=Content/ArchiveReport/flash/2011-12/FR_MARCH_2012.pdf
,FORBESGANJ TO SIMRAHI (NH-57)(NHAI) 332.94 332.94 09/2008 03/,Nhai,,2012.0,2012-12-01,9.0,2012-03-31,2011-12,https://paimana-proj.mospi.gov.in/ReportPage/ViewPdf?id=1273&path=Content/ArchiveReport/flash/2011-12/FR_MARCH_2012.pdf
,ACQUISITION OF TWO NOS OF 120 B.P BY 241.50 241.50 09/2011 12/,Nhai,,2011.0,2012-04-01,4.0,2012-03-31,2011-12,https://paimana-proj.mospi.gov.in/ReportPage/ViewPdf?id=1273&path=Content/ArchiveReport/flash/2011-12/FR_MARCH_2012.pdf
,PROJ.III OF NIB-II OF MESSAGING STORAGE 250.00 425.51 12/2005 03/,Nhai,,2012.0,2012-04-01,1.0,2012-03-31,2011-12,https://paimana-proj.mospi.gov.in/ReportPage/ViewPdf?id=1273&path=Content/ArchiveReport/flash/2011-12/FR_MARCH_2012.pdf
,"Assam Telecom Circle, Phase-V.I, 2G & 3G 336.81 336.81 01/2009 03/",Bsnl,,2012.0,2012-06-01,3.0,2012-03-31,2011-12,https://paimana-proj.mospi.gov.in/ReportPage/ViewPdf?id=1273&path=Content/ArchiveReport/flash/2011-12/FR_MARCH_2012.pdf
,CLEAN FUELS PROJECT AT VISAKH,Annexure-I,,1635.0,2006-05-01,2095.36,2010-06-30,2010-11,https://paimana-proj.mospi.gov.in/ReportPage/ViewPdf?id=1261&path=Content/ArchiveReport/flash/2010-11/FR_MARCH_2011.pdf
,DELHI EXP. OF 1250K LINES OF 2G/3G GSM,Refinery(Hpcl)(Hindustan Petroleum Corporation,,463.61,2009-12-01,106.13,2010-06-30,2010-11,https://paimana-proj.mospi.gov.in/ReportPage/ViewPdf?id=1261&path=Content/ArchiveReport/flash/2010-11/FR_MARCH_2011.pdf
,LUBE OIL BASE STOCK QUALITY UPGRADATION AT MUMBAI,Lines(Mahanagar Telephone Nigam Limited) -,,638.9,2009-04-01,796.21,2010-09-30,2010-11,https://paimana-proj.mospi.gov.in/ReportPage/ViewPdf?id=1261&path=Content/ArchiveReport/flash/2010-11/FR_MARCH_2011.pdf
,"SALEM TO KERALA BORDER SEC(TN6), KM.203.96 NH7 TO KM",Visakhapatnam(Hindustan Petroleum Corporation,,469.8,2008-12-01,665.8,2010-09-30,2010-11,https://paimana-proj.mospi.gov.in/ReportPage/ViewPdf?id=1261&path=Content/ArchiveReport/flash/2010-11/FR_MARCH_2011.pdf
,AP/KARNATKA BORDER-NANDI HILL CROSSING AND,Visakhapatnam(Hindustan Petroleum Corporation,,402.8,2009-03-01,453.7,2010-09-30,2010-11,https://paimana-proj.mospi.gov.in/ReportPage/ViewPdf?id=1261&path=Content/ArchiveReport/flash/2010-11/FR_MARCH_2011.pdf
,ELEVATED HIGHWAY FROM SILK BOARD JUNCTION TO,Devanha(National Highways Authority Of India) -,,450.0,2008-07-01,876.61,2010-09-30,2010-11,https://paimana-proj.mospi.gov.in/ReportPage/ViewPdf?id=1261&path=Content/ArchiveReport/flash/2010-11/FR_MARCH_2011.pdf
,WAINGANGA BRIDGE -CHHATISGARH-,Elect(National Highways Authority Of India) -,,424.0,2010-09-01,298.4,2010-09-30,2010-11,https://paimana-proj.mospi.gov.in/ReportPage/ViewPdf?id=1261&path=Content/ArchiveReport/flash/2010-11/FR_MARCH_2011.pdf
,NORTHERN REGION SYSTEM STRENGTHENING SCHEME-,Maharashtra(National Highways Authority Of India),,408.36,2010-12-01,304.83,2010-11-30,2010-11,https://paimana-proj.mospi.gov.in/ReportPage/ViewPdf?id=1261&path=Content/ArchiveReport/flash/2010-11/FR_MARCH_2011.pdf
,NORTHERN REGION SYSTEM STRENGHTENING SCHEME-,Xii(Power Grid Corporation Of India Limited) -,,525.14,2011-07-01,354.99,2010-11-30,2010-11,https://paimana-proj.mospi.gov.in/ReportPage/ViewPdf?id=1261&path=Content/ArchiveReport/flash/2010-11/FR_MARCH_2011.pdf
,"INSTALLATION OF 700 TPD OXYGEN PLANT,",Ix(Power Grid Corporation Of India Limited) -,,302.7,2009-06-01,244.97,2011-01-31,2010-11,https://paimana-proj.mospi.gov.in/ReportPage/ViewPdf?id=1261&path=Content/ArchiveReport/flash/2010-11/FR_MARCH_2011.pdf
,SYSTEM STRENGHTENING IN NR GRID FOR KARCHAM,Improvement(Indian Oil Corporation Limited) -,,328.97,2011-09-01,181.39,2011-03-31,2010-11,https://paimana-proj.mospi.gov.in/ReportPage/ViewPdf?id=1261&path=Content/ArchiveReport/flash/2010-11/FR_MARCH_2011.pdf
,TPH BOILER-6 AND 260.00 350.00 N.A. 06/,Sail,,2011.0,2011-07-01,1.0,2011-03-31,2010-11,https://paimana-proj.mospi.gov.in/ReportPage/ViewPdf?id=1261&path=Content/ArchiveReport/flash/2010-11/FR_MARCH_2011.pdf
,DWT PANAMAX BULK CA SHIPP. DEEPENING OF CHANNEL 154.84 253.36 12/2007 03/,Nhai,,2011.0,2011-06-01,3.0,2011-03-31,2010-11,https://paimana-proj.mospi.gov.in/ReportPage/ViewPdf?id=1261&path=Content/ArchiveReport/flash/2010-11/FR_MARCH_2011.pdf
,DWT PORT TRUST ESTABLISHMENT OF 165.00 165.00 12/2005 03/,Trust,,2011.0,2011-10-01,7.0,2011-03-31,2010-11,https://paimana-proj.mospi.gov.in/ReportPage/ViewPdf?id=1261&path=Content/ArchiveReport/flash/2010-11/FR_MARCH_2011.pdf
,NORTHERN REGION SYSTEM STRENGHTENING SCHEME-,Annexure-I,,220.69,2009-04-01,131.26,2009-08-31,2009-10,https://paimana-proj.mospi.gov.in/ReportPage/ViewPdf?id=1250&path=Content/ArchiveReport/flash/2009-10/FR_MARCH_2010.pdf
,"INSTALLATION OF NEW COKE OVEN GAS HOLDER,",Viii(Power Grid Corporation Of India Limited) -,,123.22,2009-06-01,77.0,2009-12-31,2009-10,https://paimana-proj.mospi.gov.in/ReportPage/ViewPdf?id=1250&path=Content/ArchiveReport/flash/2009-10/FR_MARCH_2010.pdf
,CONSTRUCTION OF NEW INTERNATIONAL TERMINAL,Rourkela(Steel Authority Of India Limited (Sail)) -,,245.58,2008-12-01,260.35,2010-02-28,2009-10,https://paimana-proj.mospi.gov.in/ReportPage/ViewPdf?id=1250&path=Content/ArchiveReport/flash/2009-10/FR_MARCH_2010.pdf
180100257,SIPAT-II SUPP. TRANS. SYSTEM (PGCIL)() - [180100257],Building(Airport Authority Of India Limited) -,,813.67,2008-06-01,784.58,2010-02-28,2009-10,https://paimana-proj.mospi.gov.in/ReportPage/ViewPdf?id=1250&path=Content/ArchiveReport/flash/2009-10/FR_MARCH_2010.pdf
180100263,KOLDAM HEP TRANSMISSION LINE (PGCIL)() - [180100263],Building(Airport Authority Of India Limited) -,,464.91,2008-09-01,163.16,2010-03-31,2009-10,https://paimana-proj.mospi.gov.in/ReportPage/ViewPdf?id=1250&path=Content/ArchiveReport/flash/2009-10/FR_MARCH_2010.pdf
,NORTHERN REGION SYSTEM STRENGHTENING SCHEME-,Building(Airport Authority Of India Limited) -,,721.25,2009-06-01,560.87,2010-03-31,2009-10,https://paimana-proj.mospi.gov.in/ReportPage/ViewPdf?id=1250&path=Content/ArchiveReport/flash/2009-10/FR_MARCH_2010.pdf
,SYSTEM STRENGTHENING IN SOUTH-WESTERN PART-B,V(Power Grid Corporation Of India Limited) -,,150.26,2009-10-01,109.54,2010-03-31,2009-10,https://paimana-proj.mospi.gov.in/ReportPage/ViewPdf?id=1250&path=Content/ArchiveReport/flash/2009-10/FR_MARCH_2010.pdf
,NORTHERN REGION SYSTEM STRENGTHENING SCHEME-,Northern(Power Grid Corporation Of India Limited) -,,186.95,2009-07-01,149.82,2010-03-31,2009-10,https://paimana-proj.mospi.gov.in/ReportPage/ViewPdf?id=1250&path=Content/ArchiveReport/flash/2009-10/FR_MARCH_2010.pdf
,ENHANCEMENT OF TRANSMISSION CAPACITY IN EAST-,Vi(Power Grid Corporation Of India Limited) -,,103.8,2009-06-01,72.52,2010-03-31,2009-10,https://paimana-proj.mospi.gov.in/ReportPage/ViewPdf?id=1250&path=Content/ArchiveReport/flash/2009-10/FR_MARCH_2010.pdf
,"projects when sanctioned, was 590,318.36 of the order of Rs. 590318.36 600000 crore but this was subsequently 500000 revised to Rs. 651207.44 crore implying a cost overrun of 400000 273,582.18 10.31%. The expenditure incurred 300000 on these projects till March, 2010 is Rs. 273582.18 crore, which is 200000 42.01% of the revised cost of the 100000 projects. 0 Sanctioned Anticipated Expenditure cost cost 14 I. Project Added / Completed / Dropped / Frozen No of Projects in Previous Month 618 No of Projects Completed/Dropped/Frozen in Previous Month 2 No of Projects Completed/Dropped/Frozen in Current Month 12 No of Projects added in Current Month 27 No of Projects in Current Month 631 II. Project status Number of Projects Without ODC On but DOC Without Delay With Respect To Delayed Ahead schedule available D.O.C Total (%) Original 327 14 118 53 119 631 51.82 Latest Approved 366 19 128 41 77 631 58.00 III. (A) Project cost (Cost/ Expenditure in Rs. crore ) Cost Cost overrun With No. of Respect to Projects Sanctioned Anticipated Expenditure % (Rs. Crore) % Original 533 515,117.34 560,031.47 219,280.78 39.20 44,914.13 8.70 Latest Approved 98 75,201.02 91,175.97 54,301.40 59.60 15,974.95 21.20 Total 631 590,318.36 651,207.44 273,582.18 42.01 60889.08 10.31 III. (B) Delayed Project cost (Cost/ Expenditure in Rs. crore ) Cost Cost overrun With No. of Respect to Projects Sanctioned Anticipated Expenditure % (Rs. Crore) % Original 327 329,972.48 382,184.94 195,567.78 51.20 52,212.46 15.80 Latest Approved 366 50,668.20 400,603.60 210,847.58 52.60 349,935.40 690.60 IV. Additional Delayed Project cost (Cost/ Expenditure in Rs. crore ) Cost Cost overrun With No. of Respect to Projects Sanctioned Anticipated Expenditure % (Rs. Crore) % Latest Approved 112 108,755.63 123,927.54 67,126.87 54.20 15,171.91 14.00 Total 112 108,755.63 123,927.54 67,126.87 54.17 15171.91 13.95 15 V. List of projects completed/dropped current month (Cost /Expenditure in Rs. crore ) Original Now anticipated Final Project DOA Cost DOC Cost DOC Expenditure Atomic Energy RAJASTHAN ATOMIC POWER 04/2002 3,072.00 02/2008 3,072.00 03/2010 2,151.00 PROJECT 5 and 6 (NPCIL) Coal EXPANSION OF MINE-II (10.5 MTPA 10/2004 2,161.28 06/2009 2,295.93 03/2010 1,808.34 TO 15.0 MTPA) (NLC) Power SYSTEM STRENGTHENING - VII OF 05/2005 279.30 07/2009",Annexure-I,,340.14,2010-03-01,288.54,2010-05-31,2009-10,https://paimana-proj.mospi.gov.in/ReportPage/ViewPdf?id=1250&path=Content/ArchiveReport/flash/2009-10/FR_MARCH_2010.pdf
,"TO KM 187, NH-26 (NHAI) NEW MANGALORE PORT 196.50 196.50 06/2008 01/2010 06/2010 5 NH-17 AND 48 TRICHY - KORUR NH-67 516.00 516.00 07/2010 07/2010 12/2010 5 KANYAKUMARI-PANAGUDI 120.00 120.00 09/2006 04/2010 10/2010 6 (NS CORR. PH-II) (KM 203- 233.60), NH-7 HAPUR-GARHMUKTESWAR 220.00 220.00 09/2007 12/2010 06/2011 6 (OTHERS) KM.58-93, NH-24 MADURAI -KANIAKUMARI 323.36 323.36 03/2008 03/2010 09/2010 6 SECTION (NS-41/TN) NH- 7,KM.80 TO KM.120 LALITPUR TO SAGAR, NH-26 198.00 198.00 11/2008 09/2010 03/2011 6 (NHAI) RAJMARG CHORAHA TO 251.03 251.03 10/2008 12/2010 06/2011 6 LAKHNANDON,KM 297 TO KM 351, NH-26 (NHAI) RAJMARG CHORAHA TO 229.91 229.91 10/2008 12/2010 06/2011 6 LAKHNANDON,KM 351 TO KM 405.7, NH-26 (NHA SITAPUR-LUCKNOW 322.00 322.00 06/2009 06/2010 12/2010 6 SILCHAR-UDARBAND (PH.II) 157.47 154.57 09/2007 06/2010 03/2011 9 HN-54, KM.309 TO KM.275 AGRA-SHIKOHABAD (GQ) 367.49 367.49 03/2005 03/2010 12/2010 9 KM.199.66-KM.250.50 (NH-2) JHAJHARPUR TO 340.00 340.00 09/2008 03/2011 12/2011 9 DARBANGA (BR-7) NH CONNECTIVITY TO ICTT 557.00 557.00 02/2010 02/",Corrid,,2010.0,2010-12-01,10.0,2010-05-31,2009-10,https://paimana-proj.mospi.gov.in/ReportPage/ViewPdf?id=1250&path=Content/ArchiveReport/flash/2009-10/FR_MARCH_2010.pdf
,"INSTALLATION OF SLAB CASTLER,RH DEGASSER,LADLE",Not Reported,,520.76,2007-09-01,393.83,2008-09-30,2008-09,https://paimana-proj.mospi.gov.in/ReportPage/ViewPdf?id=1232&path=Content/ArchiveReport/flash/2008-09/FR_MAR_2009.pdf
N22000050,"JAFRABAD-UTRATIA PHASE-II,(LD)(NR)((NR)) - [N22000050]",Furnace(Sail)(Steel Authority Of India Limited (Sail)) -,,64.2,2005-03-01,95.65,2008-09-30,2008-09,https://paimana-proj.mospi.gov.in/ReportPage/ViewPdf?id=1232&path=Content/ArchiveReport/flash/2008-09/FR_MAR_2009.pdf
,SYSTEM STRENGTHENING IN SOUTH-WESTERN PART OF,Furnace(Sail)(Steel Authority Of India Limited (Sail)) -,,381.28,2009-04-01,283.87,2009-01-31,2008-09,https://paimana-proj.mospi.gov.in/ReportPage/ViewPdf?id=1232&path=Content/ArchiveReport/flash/2008-09/FR_MAR_2009.pdf
,"BARGE BUMPER, BOAT LANDING AND RISER PROTECTORS",Nort(Power Grid Corporation Of India Limited) -,,148.84,2008-02-01,140.19,2009-02-28,2008-09,https://paimana-proj.mospi.gov.in/ReportPage/ViewPdf?id=1232&path=Content/ArchiveReport/flash/2008-09/FR_MAR_2009.pdf
,KADLOOR YELLAREDDY TO GUNDLA,Pr(Oil & Natural Gas Corporation Limited) -,,546.15,2009-04-01,661.67,2009-03-31,2008-09,https://paimana-proj.mospi.gov.in/ReportPage/ViewPdf?id=1232&path=Content/ArchiveReport/flash/2008-09/FR_MAR_2009.pdf
240101180,"DEEWAPUR TO UP/BIHAR BORDER (LMNHP-9)-NH-28, KM.402- 300.00 10/2008 133.50 360.915(NATIONAL HIGHWAYS AUTHORITY OF INDIA) - [240101180] 8 I. Project Added / Completed / Dropped / Frozen No of Projects in Previous Month 558 No of Projects Completed/Dropped/Frozen in Previous Month 5 No of Projects Completed/Dropped/Frozen in Current Month 10 No of Projects added in Current Month 9 No of Projects in Current Month 552 II. Project status Number of Projects Without ODC On but DOC Without Delay With Respect To Delayed Ahead schedule available D.O.C Total (%) Original 275 6 149 37 85 552 49.82 Latest Approved 278 6 158 25 85 552 50.36 III. Project cost (Cost/ Expenditure in Rs. crore ) Cost Cost overrun With No. of Respect to Projects Sanctioned Anticipated Expenditure % (Rs. Crore) % Original 503 436,855.33 482,836.02 180,625.06 37.40 45,980.69 10.50 Latest Approved 49 32,259.10 40,316.49 22,826.44 56.60 8,057.39 25.00 Total 552 469,114.43 523,152.51 203,451.50 38.89 54038.08 11.52 IV. List of projects completed/dropped current month (Cost /Expenditure in Rs. crore ) Original Now anticipated Final Project DOA Cost DOC Cost DOC Expenditure Railways ARA-SASARAM(NL),ECR 07/1997 120.00 03/2006 189.14 03/2009 266.38 Power SYSTEM STRENGTENING SCHEME IN 12/2005 109.95 05/2009",Refinery(Hindustan Petroleum Corporation Limited),NATIONAL HIGHWAYS AUTHORITY OF INDIA,109.95,2009-03-01,58.78,2009-02-28,2008-09,https://paimana-proj.mospi.gov.in/ReportPage/ViewPdf?id=1232&path=Content/ArchiveReport/flash/2008-09/FR_MAR_2009.pdf
,"TO KM.292.6 KARUR TO MADURAI (TN-5), 283.50 283.50 12/2008 03/2009 04/2009 1 KM.373.275 TO KM.426.6, NH-7 NAGPUR-KONDHALI,NH- 168.00 168.00 12/2008 11/2009 12/2009 1 6(NHAI) TINDIVANAM- 480.00 480.00 03/2009 03/2009 04/2009 1 UIUNDURPET,KM 121-192.25 NH-45 KOSI BRIDGE INCLUDING 418.04 418.04 03/2010 03/",Patch Doubling Ph-Ii (Dl),,2010.0,2010-04-01,1.0,2009-02-28,2008-09,https://paimana-proj.mospi.gov.in/ReportPage/ViewPdf?id=1232&path=Content/ArchiveReport/flash/2008-09/FR_MAR_2009.pdf
,"(NHAI) PADALUR-TRICHY, NH-45 320.00 320.00 05/2009 03/2009 05/2009 2 UIUWDURPET- 460.00 460.00 06/2009 03/2009 05/2009 2 PADALUR,NH-45 PARADIP PORT,NH-5A 428.00 428.00 02/2007 03/2009 06/2009 3 (PORT CONNECTIVITY) KM 0 - KM 77 BHUBANESWAR-KHURDA 140.85 140.85 01/2004 03/2009 06/2009 3 (GQ) KM.387.7-KM.418 (NH-5) AGRA-SHIKOHABAD (GQ) 367.49 367.49 03/2005 03/2009 06/2009 3 KM.199.66-KM.250.50 (NH-2) GORHAR-BARWA ADDA 399.75 399.75 03/2005 03/2009 06/2009 3 (GQ) KM.320-KM.398.75 (NH- 2) GARAMORE TO 360.70 380.70 11/2007 03/2009 06/2009 3 BAMANBORE (PACK.-III) PH.- II, KM.254-KM.182.60 CHITTORGARH BYPASS(RJ- 133.03 133.03 08/2005 03/2009 06/2009 3 6) NH-76 KM.159 TO KM.213 MADURAI -KANNIAKUMARI 507.49 507.49 03/2008 03/2009 06/2009 3 SEC. (NS-42/TN) NH-7, KM.120 TO KM.160 14 VII. List of projects reporting additional delays Cost ( Rs. Crore) DOC reported Delay Project name Original Anticipated Original Last month This month (in months) TIRUNELVEI-PANAGUDI,KM 423.54 423.54 03/2008 03/2009 06/2009 3 160-203(T.N) DHULE-PIMPALGAON, NH-3, 556.00 556.00 03/2009 03/2009 06/2009 3 KM.380 TOKM. 265 AP/KARNATKA BORDER- 402.80 402.80 03/2009 03/",Section Including,,2009.0,2009-06-01,3.0,2009-02-28,2008-09,https://paimana-proj.mospi.gov.in/ReportPage/ViewPdf?id=1232&path=Content/ArchiveReport/flash/2008-09/FR_MAR_2009.pdf
,VINDHYACHAL STPP ST.-III (NTPC),Power,,4125.0,2007-08-01,3007.16,2007-04-30,2007-08,https://paimana-proj.mospi.gov.in/ReportPage/ViewPdf?id=1228&path=Content/ArchiveReport/flash/2007-08/MonthlyFR_mar_2008.pdf
,SYSTEM STRENGTHENING -III OF SOUTHERN,Power,,284.79,2007-04-01,233.44,2007-04-30,2007-08,https://paimana-proj.mospi.gov.in/ReportPage/ViewPdf?id=1228&path=Content/ArchiveReport/flash/2007-08/MonthlyFR_mar_2008.pdf
,DEVELOPMENT OF VISAKHAPATNAM AIRPORT.,Civil Aviation,,191.52,2005-12-01,158.0,2007-05-31,2007-08,https://paimana-proj.mospi.gov.in/ReportPage/ViewPdf?id=1228&path=Content/ArchiveReport/flash/2007-08/MonthlyFR_mar_2008.pdf
,REBUILDING OFCOKE OVEN BATTERY NO. 1 (SAIL),Steel,,112.39,2005-12-01,96.19,2007-05-31,2007-08,https://paimana-proj.mospi.gov.in/ReportPage/ViewPdf?id=1228&path=Content/ArchiveReport/flash/2007-08/MonthlyFR_mar_2008.pdf
,VINDHYACHAL-KORBA (P.GRID),Power,,164.02,2007-02-01,175.24,2007-05-31,2007-08,https://paimana-proj.mospi.gov.in/ReportPage/ViewPdf?id=1228&path=Content/ArchiveReport/flash/2007-08/MonthlyFR_mar_2008.pdf
,KOLKATA CIRCULAR RAILWAY (MTP),Railways,,358.77,2004-12-01,155.7,2007-05-31,2007-08,https://paimana-proj.mospi.gov.in/ReportPage/ViewPdf?id=1228&path=Content/ArchiveReport/flash/2007-08/MonthlyFR_mar_2008.pdf
,KHARAGPUR - BHUBANESWAR(RE) INCL. ADRA-,Railways,,258.58,2000-03-01,336.0,2007-05-31,2007-08,https://paimana-proj.mospi.gov.in/ReportPage/ViewPdf?id=1228&path=Content/ArchiveReport/flash/2007-08/MonthlyFR_mar_2008.pdf
,SIKANDARA-BHAUNTI (GQ) KM.393-KM.470 (NH-2),Road Transport & Highways,,323.62,2004-08-01,311.09,2007-05-31,2007-08,https://paimana-proj.mospi.gov.in/ReportPage/ViewPdf?id=1228&path=Content/ArchiveReport/flash/2007-08/MonthlyFR_mar_2008.pdf
,BELGAUM-DHARWAD (GQ) KM.495-KM.433 (NH-4),Road Transport & Highways,,279.0,2004-02-01,322.03,2007-06-30,2007-08,https://paimana-proj.mospi.gov.in/ReportPage/ViewPdf?id=1228&path=Content/ArchiveReport/flash/2007-08/MonthlyFR_mar_2008.pdf
,"VIVEKANANDA BRIDGE AND APPROACH (GQ), NH-2",Road Transport & Highways,,641.0,2005-06-01,533.86,2007-06-30,2007-08,https://paimana-proj.mospi.gov.in/ReportPage/ViewPdf?id=1228&path=Content/ArchiveReport/flash/2007-08/MonthlyFR_mar_2008.pdf
,MUMBAI HIGH SOUTH DEVELOPMENT (ONGCL),Petroleum,,5255.97,2007-07-01,6476.53,2007-07-31,2007-08,https://paimana-proj.mospi.gov.in/ReportPage/ViewPdf?id=1228&path=Content/ArchiveReport/flash/2007-08/MonthlyFR_mar_2008.pdf
,"BARACHATTI-GORHAR (GQ) KM.240-KM.320, NH-2",Road Transport & Highways,,452.71,2005-03-01,502.11,2007-07-31,2007-08,https://paimana-proj.mospi.gov.in/ReportPage/ViewPdf?id=1228&path=Content/ArchiveReport/flash/2007-08/MonthlyFR_mar_2008.pdf
,BLOOM CASTER(SAIL),Steel,,271.41,2006-05-01,205.4,2007-08-31,2007-08,https://paimana-proj.mospi.gov.in/ReportPage/ViewPdf?id=1228&path=Content/ArchiveReport/flash/2007-08/MonthlyFR_mar_2008.pdf
,REBUILDING OF COKE OVEN BATTERY No. 5,Steel,,198.84,2007-01-01,137.69,2007-09-30,2007-08,https://paimana-proj.mospi.gov.in/ReportPage/ViewPdf?id=1228&path=Content/ArchiveReport/flash/2007-08/MonthlyFR_mar_2008.pdf
,"RAIL COACH FACTORY,KAPURTHALA PH -II (NR)",Railways,,180.0,1992-03-01,463.06,2007-09-30,2007-08,https://paimana-proj.mospi.gov.in/ReportPage/ViewPdf?id=1228&path=Content/ArchiveReport/flash/2007-08/MonthlyFR_mar_2008.pdf
,BINA-NAGDA TRANSMISSION SYSTEM (P.GR.),Power,,266.93,2008-03-01,389.71,2007-10-31,2007-08,https://paimana-proj.mospi.gov.in/ReportPage/ViewPdf?id=1228&path=Content/ArchiveReport/flash/2007-08/MonthlyFR_mar_2008.pdf
,"BORIVILI-VIRAR QUADRUPLING,WR (MTP)",Railways,,325.47,2004-03-01,389.08,2007-10-31,2007-08,https://paimana-proj.mospi.gov.in/ReportPage/ViewPdf?id=1228&path=Content/ArchiveReport/flash/2007-08/MonthlyFR_mar_2008.pdf
,BASUNDHRA(WEST)O.C.P (MCL) (2.40 MTY),Coal,,176.55,2008-03-01,71.99,2007-11-30,2007-08,https://paimana-proj.mospi.gov.in/ReportPage/ViewPdf?id=1228&path=Content/ArchiveReport/flash/2007-08/MonthlyFR_mar_2008.pdf
,REBUILDING OF BLAST FURNACE No. 2,Steel,,103.93,2007-09-01,74.07,2007-11-30,2007-08,https://paimana-proj.mospi.gov.in/ReportPage/ViewPdf?id=1228&path=Content/ArchiveReport/flash/2007-08/MonthlyFR_mar_2008.pdf
,CRUDE OIL RECEIPT FACLITIES (KOCHI REFINERIES,Petroleum,,622.82,2007-05-01,540.62,2007-11-30,2007-08,https://paimana-proj.mospi.gov.in/ReportPage/ViewPdf?id=1228&path=Content/ArchiveReport/flash/2007-08/MonthlyFR_mar_2008.pdf
,MDPL PROJECT(HPCL),Ltd) (Bpcl),,1623.84,2007-08-01,1336.18,2007-11-30,2007-08,https://paimana-proj.mospi.gov.in/ReportPage/ViewPdf?id=1228&path=Content/ArchiveReport/flash/2007-08/MonthlyFR_mar_2008.pdf
,TIRUMALAI - VELLACHERI EXTN. OF MRTS (MTP),Railways,,605.7,2002-03-01,733.17,2007-11-30,2007-08,https://paimana-proj.mospi.gov.in/ReportPage/ViewPdf?id=1228&path=Content/ArchiveReport/flash/2007-08/MonthlyFR_mar_2008.pdf
,KATPADI-PAKALA-TIRUPATI(GC)ELECTRIFICAT. AS,Railways,,130.0,2007-03-01,205.83,2007-11-30,2007-08,https://paimana-proj.mospi.gov.in/ReportPage/ViewPdf?id=1228&path=Content/ArchiveReport/flash/2007-08/MonthlyFR_mar_2008.pdf
,CHENNAI PHASE-III CMTS (BSNL),Telecommunication,,233.21,2004-03-01,72.3,2007-11-30,2007-08,https://paimana-proj.mospi.gov.in/ReportPage/ViewPdf?id=1228&path=Content/ArchiveReport/flash/2007-08/MonthlyFR_mar_2008.pdf
,UPGR. OF TRANSFER CAPACITY OF TALCHER,Power,,118.33,2008-04-01,77.15,2007-12-31,2007-08,https://paimana-proj.mospi.gov.in/ReportPage/ViewPdf?id=1228&path=Content/ArchiveReport/flash/2007-08/MonthlyFR_mar_2008.pdf
,"NIMACH-RATLAM(GC),WR",Railways,,65.0,1996-03-01,200.09,2007-12-31,2007-08,https://paimana-proj.mospi.gov.in/ReportPage/ViewPdf?id=1228&path=Content/ArchiveReport/flash/2007-08/MonthlyFR_mar_2008.pdf
,MADURAI-RAMESWARAM(GC).SR,Railways,,193.18,2006-07-01,299.62,2007-12-31,2007-08,https://paimana-proj.mospi.gov.in/ReportPage/ViewPdf?id=1228&path=Content/ArchiveReport/flash/2007-08/MonthlyFR_mar_2008.pdf
,DELHI-REWARI (GC) (NWR)(RVNL),Railways,,42.27,2007-03-01,198.17,2007-12-31,2007-08,https://paimana-proj.mospi.gov.in/ReportPage/ViewPdf?id=1228&path=Content/ArchiveReport/flash/2007-08/MonthlyFR_mar_2008.pdf
,GSM EXPANSION Ph.IV (B) (BSNL) (WEST ZONE-MP),Telecommunication,,174.0,2006-03-01,103.69,2007-12-31,2007-08,https://paimana-proj.mospi.gov.in/ReportPage/ViewPdf?id=1228&path=Content/ArchiveReport/flash/2007-08/MonthlyFR_mar_2008.pdf
,GSM BASED NETWORK EXPANSION PH.-IV TN,Telecommunication,,650.42,2006-06-01,298.03,2007-12-31,2007-08,https://paimana-proj.mospi.gov.in/ReportPage/ViewPdf?id=1228&path=Content/ArchiveReport/flash/2007-08/MonthlyFR_mar_2008.pdf
,"ADDITIONAL DEVELOPMENT HEERA, PART-II",Petroleum,,569.07,2007-04-01,683.83,2008-03-31,2007-08,https://paimana-proj.mospi.gov.in/ReportPage/ViewPdf?id=1228&path=Content/ArchiveReport/flash/2007-08/MonthlyFR_mar_2008.pdf
,ADDITIONAL DEVELOPMENT OF A-1 LAYER,Petroleum,,910.53,2006-12-01,734.67,2008-03-31,2007-08,https://paimana-proj.mospi.gov.in/ReportPage/ViewPdf?id=1228&path=Content/ArchiveReport/flash/2007-08/MonthlyFR_mar_2008.pdf
,TRANSMISSION SYSTEM ASSOCIATED WITH TALA,Power,,1980.7,2006-06-01,2267.91,2008-03-31,2007-08,https://paimana-proj.mospi.gov.in/ReportPage/ViewPdf?id=1228&path=Content/ArchiveReport/flash/2007-08/MonthlyFR_mar_2008.pdf
,SYSTEM STRENGTHNING SCHEME-V OF SOUTH,Hydro Electric Proj,,92.12,2007-06-01,105.64,2008-03-31,2007-08,https://paimana-proj.mospi.gov.in/ReportPage/ViewPdf?id=1228&path=Content/ArchiveReport/flash/2007-08/MonthlyFR_mar_2008.pdf
,"HUBLI-HAVERI KM.404-KM.340, NH-4 (KARNATAKA)",Road Transport & Highways,,260.93,2003-12-01,283.64,2008-03-31,2007-08,https://paimana-proj.mospi.gov.in/ReportPage/ViewPdf?id=1228&path=Content/ArchiveReport/flash/2007-08/MonthlyFR_mar_2008.pdf
,SYSTEM STRENGTHENING 03/2005 113.73 12/2007,Associated With Tala Hydro,,107.53,2008-03-01,102.19,2008-02-29,2007-08,https://paimana-proj.mospi.gov.in/ReportPage/ViewPdf?id=1228&path=Content/ArchiveReport/flash/2007-08/MonthlyFR_mar_2008.pdf
,KAIGA ATOM IC POWER PROJECT 4213.00 3282.00 10/2009 03/,Atomic Energy,,2008.0,2008-09-01,6.0,2008-02-29,2007-08,https://paimana-proj.mospi.gov.in/ReportPage/ViewPdf?id=1228&path=Content/ArchiveReport/flash/2007-08/MonthlyFR_mar_2008.pdf
,KUDANKULAM APP (NPCIL) 13171.00 13171.00 12/2008 12/,Atomic Energy,,2009.0,2010-03-01,3.0,2008-02-29,2007-08,https://paimana-proj.mospi.gov.in/ReportPage/ViewPdf?id=1228&path=Content/ArchiveReport/flash/2007-08/MonthlyFR_mar_2008.pdf
,NEW URANIUM ORE 343.26 343.26 06/2006 03/,Atomic Energy,,2008.0,2008-05-01,2.0,2008-02-29,2007-08,https://paimana-proj.mospi.gov.in/ReportPage/ViewPdf?id=1228&path=Content/ArchiveReport/flash/2007-08/MonthlyFR_mar_2008.pdf
,CLEAN FUELS PROJECT VIZAG 1635.00 2147.79 05/2006 06/,Petroleum,,2008.0,2008-08-01,2.0,2008-02-29,2007-08,https://paimana-proj.mospi.gov.in/ReportPage/ViewPdf?id=1228&path=Content/ArchiveReport/flash/2007-08/MonthlyFR_mar_2008.pdf
,PARADIP-HALDIA CRUDE OIL 1178.00 1178.00 03/2006 03/,Refinery Modernisation,,2008.0,2008-04-01,1.0,2008-02-29,2007-08,https://paimana-proj.mospi.gov.in/ReportPage/ViewPdf?id=1228&path=Content/ArchiveReport/flash/2007-08/MonthlyFR_mar_2008.pdf
,CONSTRUCTION OF NEW 2853.29 2853.29 05/2010 05/,Pipline System,,2010.0,2011-05-01,12.0,2008-02-29,2007-08,https://paimana-proj.mospi.gov.in/ReportPage/ViewPdf?id=1228&path=Content/ArchiveReport/flash/2007-08/MonthlyFR_mar_2008.pdf
,ALIGARH-GAZIABAD 3rd LINE 230.73 399.50 03/2009 12/,Railways,,2008.0,2009-03-01,3.0,2008-02-29,2007-08,https://paimana-proj.mospi.gov.in/ReportPage/ViewPdf?id=1228&path=Content/ArchiveReport/flash/2007-08/MonthlyFR_mar_2008.pdf
,AMROHA-KANKATHER 57.00 107.30 03/2005 02/,Railways,,2008.0,2008-03-01,1.0,2008-02-29,2007-08,https://paimana-proj.mospi.gov.in/ReportPage/ViewPdf?id=1228&path=Content/ArchiveReport/flash/2007-08/MonthlyFR_mar_2008.pdf
,PALWAL-BHUTESWAR 3rd LINE 240.00 330.00 03/2009 12/,Railways,,2008.0,2009-03-01,3.0,2008-02-29,2007-08,https://paimana-proj.mospi.gov.in/ReportPage/ViewPdf?id=1228&path=Content/ArchiveReport/flash/2007-08/MonthlyFR_mar_2008.pdf
,KHURDA ROAD-BARANG 3rd 133.41 207.00 -NA- 06/,Railways,,2008.0,2009-03-01,9.0,2008-02-29,2007-08,https://paimana-proj.mospi.gov.in/ReportPage/ViewPdf?id=1228&path=Content/ArchiveReport/flash/2007-08/MonthlyFR_mar_2008.pdf
,RAJATGARH-BARANG 166.16 240.00 -NA- 10/,Line,,2008.0,2009-02-01,4.0,2008-02-29,2007-08,https://paimana-proj.mospi.gov.in/ReportPage/ViewPdf?id=1228&path=Content/ArchiveReport/flash/2007-08/MonthlyFR_mar_2008.pdf
,BHILDI-SAMDARI 244.74 479.00 -NA- 09/,Line,,2008.0,2009-03-01,6.0,2008-02-29,2007-08,https://paimana-proj.mospi.gov.in/ReportPage/ViewPdf?id=1228&path=Content/ArchiveReport/flash/2007-08/MonthlyFR_mar_2008.pdf
,RANGIA-MURKONGSELEK 912.70 912.70 -NA- 03/,Line,,2009.0,2013-03-01,48.0,2008-02-29,2007-08,https://paimana-proj.mospi.gov.in/ReportPage/ViewPdf?id=1228&path=Content/ArchiveReport/flash/2007-08/MonthlyFR_mar_2008.pdf
,VIRAMGAM-BHILDI 155.66 119.75 -NA- 03/,Line,,2008.0,2010-03-01,24.0,2008-02-29,2007-08,https://paimana-proj.mospi.gov.in/ReportPage/ViewPdf?id=1228&path=Content/ArchiveReport/flash/2007-08/MonthlyFR_mar_2008.pdf
,AJMER-PHULERA-RINGUS- 352.00 716.60 03/2008 12/,Line,,2008.0,2009-03-01,3.0,2008-02-29,2007-08,https://paimana-proj.mospi.gov.in/ReportPage/ViewPdf?id=1228&path=Content/ArchiveReport/flash/2007-08/MonthlyFR_mar_2008.pdf
,TOLLYGANJ-GARIA 907.69 1032.76 12/2006 06/,Rewari,,2008.0,2009-06-01,12.0,2008-02-29,2007-08,https://paimana-proj.mospi.gov.in/ReportPage/ViewPdf?id=1228&path=Content/ArchiveReport/flash/2007-08/MonthlyFR_mar_2008.pdf
,Obulavaripalle-Krishnapattnam 743.00 732.80 03/2008 03/,Rewari,,2008.0,2008-06-01,3.0,2008-02-29,2007-08,https://paimana-proj.mospi.gov.in/ReportPage/ViewPdf?id=1228&path=Content/ArchiveReport/flash/2007-08/MonthlyFR_mar_2008.pdf
,MANDERHILL-DUMKA- 184.00 254.07 -NA- 12/,Rewari,,2009.0,2010-12-01,12.0,2008-02-29,2007-08,https://paimana-proj.mospi.gov.in/ReportPage/ViewPdf?id=1228&path=Content/ArchiveReport/flash/2007-08/MonthlyFR_mar_2008.pdf
,DEOGHAR-DUMKA NEW BROAD 180.73 320.66 12/2006 12/,Rampurhat,,2008.0,2009-02-01,2.0,2008-02-29,2007-08,https://paimana-proj.mospi.gov.in/ReportPage/ViewPdf?id=1228&path=Content/ArchiveReport/flash/2007-08/MonthlyFR_mar_2008.pdf
,DEOGHAR-SULTANGUNJ 138.00 607.09 -NA- 12/,Gauge Line,,2009.0,2012-12-01,36.0,2008-02-29,2007-08,https://paimana-proj.mospi.gov.in/ReportPage/ViewPdf?id=1228&path=Content/ArchiveReport/flash/2007-08/MonthlyFR_mar_2008.pdf
,CONVERGENT BILLING AND 249.00 249.00 02/2007 03/,Telecommunication,,2008.0,2008-12-01,9.0,2008-02-29,2007-08,https://paimana-proj.mospi.gov.in/ReportPage/ViewPdf?id=1228&path=Content/ArchiveReport/flash/2007-08/MonthlyFR_mar_2008.pdf
,"ARSIKERE-HASSAN-MANGALORE(GC),SWR",Railways,,186.16,1996-03-01,326.0,2006-04-30,2006-07,https://paimana-proj.mospi.gov.in/ReportPage/ViewPdf?id=1214&path=Content/ArchiveReport/flash/2006-07/MonthlyFR_mar_2007.pdf
,THULENDI-PHULPUR PIPELINE PROJECT(GAIL),Petroleum,,220.0,2006-04-01,118.26,2006-05-31,2006-07,https://paimana-proj.mospi.gov.in/ReportPage/ViewPdf?id=1214&path=Content/ArchiveReport/flash/2006-07/MonthlyFR_mar_2007.pdf
,TEHRI TR. SYSTEM(P.GRID),Power,,421.0,1999-03-01,844.5,2006-06-30,2006-07,https://paimana-proj.mospi.gov.in/ReportPage/ViewPdf?id=1214&path=Content/ArchiveReport/flash/2006-07/MonthlyFR_mar_2007.pdf
,TALA-SILIGURI TRANSMISSION LINE (P.GRID),Power,,231.53,2004-10-01,263.95,2006-06-30,2006-07,https://paimana-proj.mospi.gov.in/ReportPage/ViewPdf?id=1214&path=Content/ArchiveReport/flash/2006-07/MonthlyFR_mar_2007.pdf
,BELGAUM BYPASS (GQ) KM.515-KM.495 (NH-4),Road Transport & Highways,,115.9,2003-12-01,154.88,2006-06-30,2006-07,https://paimana-proj.mospi.gov.in/ReportPage/ViewPdf?id=1214&path=Content/ArchiveReport/flash/2006-07/MonthlyFR_mar_2007.pdf
,MUMBAI HIGH NORTH DEV(ONGCL),Petroleum,,2929.4,2005-12-01,3130.0,2006-07-31,2006-07,https://paimana-proj.mospi.gov.in/ReportPage/ViewPdf?id=1214&path=Content/ArchiveReport/flash/2006-07/MonthlyFR_mar_2007.pdf
,KELARAS-MALANPUR PIPLINE (GAIL),Petroleum,,104.73,2006-07-01,70.17,2006-08-31,2006-07,https://paimana-proj.mospi.gov.in/ReportPage/ViewPdf?id=1214&path=Content/ArchiveReport/flash/2006-07/MonthlyFR_mar_2007.pdf
,INTEGRATED PARA-XYLENE(IOCL),Petroleum,,4228.0,2005-08-01,3746.0,2006-08-31,2006-07,https://paimana-proj.mospi.gov.in/ReportPage/ViewPdf?id=1214&path=Content/ArchiveReport/flash/2006-07/MonthlyFR_mar_2007.pdf
,PANIPAT REFINERY EXPANSION (IOCL),Petroleum,,3365.0,2005-01-01,3543.0,2006-08-31,2006-07,https://paimana-proj.mospi.gov.in/ReportPage/ViewPdf?id=1214&path=Content/ArchiveReport/flash/2006-07/MonthlyFR_mar_2007.pdf
,KBPL CONVERSION TO CRUDE SERVICE &,Petroleum,,305.6,2004-08-01,298.3,2006-08-31,2006-07,https://paimana-proj.mospi.gov.in/ReportPage/ViewPdf?id=1214&path=Content/ArchiveReport/flash/2006-07/MonthlyFR_mar_2007.pdf
,"NATIONAL INSTITUTE OF BIOLOGICALS, NOIDA",Health & Fw,,69.74,1998-09-01,234.72,2006-08-31,2006-07,https://paimana-proj.mospi.gov.in/ReportPage/ViewPdf?id=1214&path=Content/ArchiveReport/flash/2006-07/MonthlyFR_mar_2007.pdf
,FG UNCHAHAR TPP STAGE-III (1X210MW)(NTPC),Power,,939.28,2006-09-01,682.58,2006-09-30,2006-07,https://paimana-proj.mospi.gov.in/ReportPage/ViewPdf?id=1214&path=Content/ArchiveReport/flash/2006-07/MonthlyFR_mar_2007.pdf
,TECHNOLOGICAL UP_GRADATION OF TROMBAY-V,Fertilisers,,249.0,2006-06-01,192.72,2006-10-31,2006-07,https://paimana-proj.mospi.gov.in/ReportPage/ViewPdf?id=1214&path=Content/ArchiveReport/flash/2006-07/MonthlyFR_mar_2007.pdf
,DULHASTI COMBINED TR.SYSTEM(P.GRID),Power,,567.05,2006-07-01,449.66,2006-10-31,2006-07,https://paimana-proj.mospi.gov.in/ReportPage/ViewPdf?id=1214&path=Content/ArchiveReport/flash/2006-07/MonthlyFR_mar_2007.pdf
,DELHI METRO RAPID TRANSIT SYSTEM PH-I,Urban Development,,4860.0,2005-03-01,10246.14,2006-11-30,2006-07,https://paimana-proj.mospi.gov.in/ReportPage/ViewPdf?id=1214&path=Content/ArchiveReport/flash/2006-07/MonthlyFR_mar_2007.pdf
,MS QUALITY UPGRADATION FACILITIES AT,Petroleum,,390.0,2005-07-01,462.62,2006-12-31,2006-07,https://paimana-proj.mospi.gov.in/ReportPage/ViewPdf?id=1214&path=Content/ArchiveReport/flash/2006-07/MonthlyFR_mar_2007.pdf
,VIJAYPUR-KOTA PIPELINE PROJECT (GAIL),Petroleum,,299.84,2006-12-01,117.33,2007-01-31,2006-07,https://paimana-proj.mospi.gov.in/ReportPage/ViewPdf?id=1214&path=Content/ArchiveReport/flash/2006-07/MonthlyFR_mar_2007.pdf
,CMTS(Ph-IV) (BSNL)(U.P EAST),Telecommunication,,379.86,2005-06-01,83.49,2007-01-31,2006-07,https://paimana-proj.mospi.gov.in/ReportPage/ViewPdf?id=1214&path=Content/ArchiveReport/flash/2006-07/MonthlyFR_mar_2007.pdf
,TECHNOLOGY UPGRADATION OF BF-7 (SAIL),Steel,,170.41,2006-01-01,118.46,2007-02-28,2006-07,https://paimana-proj.mospi.gov.in/ReportPage/ViewPdf?id=1214&path=Content/ArchiveReport/flash/2006-07/MonthlyFR_mar_2007.pdf
,JAGOTI-PAITHAMPUR PIPLINE (GAIL),Petroleum,,194.82,2006-10-01,89.89,2007-03-31,2006-07,https://paimana-proj.mospi.gov.in/ReportPage/ViewPdf?id=1214&path=Content/ArchiveReport/flash/2006-07/MonthlyFR_mar_2007.pdf
,TEHRI DAM & H.P.P.(THDCL),Power,,2963.66,1999-03-01,8030.54,2007-03-31,2006-07,https://paimana-proj.mospi.gov.in/ReportPage/ViewPdf?id=1214&path=Content/ArchiveReport/flash/2006-07/MonthlyFR_mar_2007.pdf
,DULHASTI HYDROELECTRIC PROJECT(NHPC),Power,,183.45,1990-11-01,4960.41,2007-03-31,2006-07,https://paimana-proj.mospi.gov.in/ReportPage/ViewPdf?id=1214&path=Content/ArchiveReport/flash/2006-07/MonthlyFR_mar_2007.pdf
,DHANKUNI-KOLAGHAT (GQ) KM.17.6-KM.72 (NH-6),Road Transport & Highways,,393.0,2004-03-01,530.17,2007-03-31,2006-07,https://paimana-proj.mospi.gov.in/ReportPage/ViewPdf?id=1214&path=Content/ArchiveReport/flash/2006-07/MonthlyFR_mar_2007.pdf
,RIVER REGULATORY MEASURE FOR THE IMPRT. OF,Shipping & Ports,,350.84,2003-12-01,6.38,2006-06-30,2006-07,https://paimana-proj.mospi.gov.in/ReportPage/ViewPdf?id=1214&path=Content/ArchiveReport/flash/2006-07/MonthlyFR_mar_2007.pdf
,NEW URANIUM ORE PROCESSING 343.26 343.26 06/2006 03/,Atomic Energy,,2007.0,2007-06-01,3.0,2006-11-30,2006-07,https://paimana-proj.mospi.gov.in/ReportPage/ViewPdf?id=1214&path=Content/ArchiveReport/flash/2006-07/MonthlyFR_mar_2007.pdf
,POOTKI BALIHARI UG 199.87 182.60 03/1994 03/,Coal,,2007.0,2007-09-01,6.0,2006-11-30,2006-07,https://paimana-proj.mospi.gov.in/ReportPage/ViewPdf?id=1214&path=Content/ArchiveReport/flash/2006-07/MonthlyFR_mar_2007.pdf
,BLOOM CASTER(SAIL) 271.41 271.41 05/2006 03/,Steel,,2007.0,2007-05-01,2.0,2006-11-30,2006-07,https://paimana-proj.mospi.gov.in/ReportPage/ViewPdf?id=1214&path=Content/ArchiveReport/flash/2006-07/MonthlyFR_mar_2007.pdf
,PARADIP-HALDIA CRUDE OIL 1178.00 1140.00 03/2006 04/,Petroleum,,2007.0,2007-06-01,2.0,2006-11-30,2006-07,https://paimana-proj.mospi.gov.in/ReportPage/ViewPdf?id=1214&path=Content/ArchiveReport/flash/2006-07/MonthlyFR_mar_2007.pdf
,AUGMENTATION OF MUNDRA- 205.00 205.00 03/2008 03/,Pipline System,,2008.0,2008-12-01,9.0,2006-11-30,2006-07,https://paimana-proj.mospi.gov.in/ReportPage/ViewPdf?id=1214&path=Content/ArchiveReport/flash/2006-07/MonthlyFR_mar_2007.pdf
,PANIPAT-JALANDHAR LPG 186.72 186.72 08/2008 05/,Panipat Line,,2008.0,2008-08-01,3.0,2006-11-30,2006-07,https://paimana-proj.mospi.gov.in/ReportPage/ViewPdf?id=1214&path=Content/ArchiveReport/flash/2006-07/MonthlyFR_mar_2007.pdf
,KOYALI-RATLAM PRODUCT 224.69 181.78 12/2006 08/,Pipeline,,2007.0,2007-11-01,3.0,2006-11-30,2006-07,https://paimana-proj.mospi.gov.in/ReportPage/ViewPdf?id=1214&path=Content/ArchiveReport/flash/2006-07/MonthlyFR_mar_2007.pdf
,"DEVELOPMENT OF SB-11, 245.33 245.33 05/2007 05/",Pipline,,2007.0,2007-09-01,4.0,2006-11-30,2006-07,https://paimana-proj.mospi.gov.in/ReportPage/ViewPdf?id=1214&path=Content/ArchiveReport/flash/2006-07/MonthlyFR_mar_2007.pdf
,IOR LAKWA-LAKHMANI 345.10 429.38 03/2007 03/,Bassein Field,,2007.0,2010-03-01,36.0,2006-11-30,2006-07,https://paimana-proj.mospi.gov.in/ReportPage/ViewPdf?id=1214&path=Content/ArchiveReport/flash/2006-07/MonthlyFR_mar_2007.pdf
,C2-C3 & LPG RECOVERY FROM 900.92 1493.49 06/2006 05/,Bassein Field,,2008.0,2008-06-01,1.0,2006-11-30,2006-07,https://paimana-proj.mospi.gov.in/ReportPage/ViewPdf?id=1214&path=Content/ArchiveReport/flash/2006-07/MonthlyFR_mar_2007.pdf
,SYSTEM STRENGTENING 109.95 109.95 05/2009 06/,Ckm),,2008.0,2009-05-01,11.0,2006-11-30,2006-07,https://paimana-proj.mospi.gov.in/ReportPage/ViewPdf?id=1214&path=Content/ArchiveReport/flash/2006-07/MonthlyFR_mar_2007.pdf
,UPGR. OF TRANSFER CAPACITY 118.33 118.33 04/2008 06/,Scheme In Roorkee Area,,2007.0,2008-04-01,10.0,2006-11-30,2006-07,https://paimana-proj.mospi.gov.in/ReportPage/ViewPdf?id=1214&path=Content/ArchiveReport/flash/2006-07/MonthlyFR_mar_2007.pdf
,VINDHYACHAL-KORBA (P.GRID) 164.02 222.00 02/2007 03/,Bipo(Pgcil),,2007.0,2007-04-01,1.0,2006-11-30,2006-07,https://paimana-proj.mospi.gov.in/ReportPage/ViewPdf?id=1214&path=Content/ArchiveReport/flash/2006-07/MonthlyFR_mar_2007.pdf
,KAHALGAON-II(PHASE-I) 1771.93 2967.85 10/2007 07/,Bipo(Pgcil),,2007.0,2007-10-01,3.0,2006-11-30,2006-07,https://paimana-proj.mospi.gov.in/ReportPage/ViewPdf?id=1214&path=Content/ArchiveReport/flash/2006-07/MonthlyFR_mar_2007.pdf
,LUMDING-SILCHAR- 648.00 1676.31 03/2009 03/,Railways,,2009.0,2010-03-01,12.0,2006-11-30,2006-07,https://paimana-proj.mospi.gov.in/ReportPage/ViewPdf?id=1214&path=Content/ArchiveReport/flash/2006-07/MonthlyFR_mar_2007.pdf
,VIRAMGAM-BHILDI 155.66 119.75 -NA- 02/,Migrendisa-Ditokcherra,,2009.0,2009-03-01,1.0,2006-11-30,2006-07,https://paimana-proj.mospi.gov.in/ReportPage/ViewPdf?id=1214&path=Content/ArchiveReport/flash/2006-07/MonthlyFR_mar_2007.pdf
,MUZAFFARPUR-SITAMARHI 100.00 210.79 -NA- 03/,Migrendisa-Ditokcherra,,2007.0,2008-01-01,10.0,2006-11-30,2006-07,https://paimana-proj.mospi.gov.in/ReportPage/ViewPdf?id=1214&path=Content/ArchiveReport/flash/2006-07/MonthlyFR_mar_2007.pdf
,AMBALA-MORADABAD 152.21 222.96 03/1998 03/,Migrendisa-Ditokcherra,,2007.0,2007-06-01,3.0,2006-11-30,2006-07,https://paimana-proj.mospi.gov.in/ReportPage/ViewPdf?id=1214&path=Content/ArchiveReport/flash/2006-07/MonthlyFR_mar_2007.pdf
,IMPLEMENTATION AND 160.00 135.00 06/2006 03/,Telecommunication,,2007.0,2007-05-01,2.0,2006-11-30,2006-07,https://paimana-proj.mospi.gov.in/ReportPage/ViewPdf?id=1214&path=Content/ArchiveReport/flash/2006-07/MonthlyFR_mar_2007.pdf
,"JHARKHAND CMTS, PHASE-IV 134.85 134.85 11/2005 03/",Technology Intellingent,,2007.0,2007-06-01,3.0,2006-11-30,2006-07,https://paimana-proj.mospi.gov.in/ReportPage/ViewPdf?id=1214&path=Content/ArchiveReport/flash/2006-07/MonthlyFR_mar_2007.pdf
,"GSM NETWORK EXPANSION, PH- 428.00 428.00 06/2005 03/",Technology Intellingent,,2007.0,2007-06-01,3.0,2006-11-30,2006-07,https://paimana-proj.mospi.gov.in/ReportPage/ViewPdf?id=1214&path=Content/ArchiveReport/flash/2006-07/MonthlyFR_mar_2007.pdf
,"PROJECT-3 OF NIB-II, 250.00 250.00 12/2005 03/",Iv (West Bengal),,2007.0,2007-06-01,3.0,2006-11-30,2006-07,https://paimana-proj.mospi.gov.in/ReportPage/ViewPdf?id=1214&path=Content/ArchiveReport/flash/2006-07/MonthlyFR_mar_2007.pdf
,"PROJECT-1 OF NIB-II, 250.00 250.00 05/2006 04/",Implementation And,,2007.0,2007-06-01,2.0,2006-11-30,2006-07,https://paimana-proj.mospi.gov.in/ReportPage/ViewPdf?id=1214&path=Content/ArchiveReport/flash/2006-07/MonthlyFR_mar_2007.pdf
,"GSM NETWORK EXPANSION, PH- 164.06 164.06 12/2005 03/",Implementation And,,2007.0,2007-06-01,3.0,2006-11-30,2006-07,https://paimana-proj.mospi.gov.in/ReportPage/ViewPdf?id=1214&path=Content/ArchiveReport/flash/2006-07/MonthlyFR_mar_2007.pdf
,"GSM NETWORK EXPANSION, PH- 508.63 508.63 06/2005 03/",Iv (Orissa),,2007.0,2007-06-01,3.0,2006-11-30,2006-07,https://paimana-proj.mospi.gov.in/ReportPage/ViewPdf?id=1214&path=Content/ArchiveReport/flash/2006-07/MonthlyFR_mar_2007.pdf
,"GSM NETWORK EXPANSION, PH- 448.91 448.91 06/2005 03/",Iv (Punjab),,2007.0,2007-06-01,3.0,2006-11-30,2006-07,https://paimana-proj.mospi.gov.in/ReportPage/ViewPdf?id=1214&path=Content/ArchiveReport/flash/2006-07/MonthlyFR_mar_2007.pdf
,"KARNATAKA CMTS, PHASE-IV 373.46 260.00 06/2005 03/",Iv (Rajasthan),,2007.0,2007-06-01,3.0,2006-11-30,2006-07,https://paimana-proj.mospi.gov.in/ReportPage/ViewPdf?id=1214&path=Content/ArchiveReport/flash/2006-07/MonthlyFR_mar_2007.pdf
,"GSM NETWORK EXPANSION, PH- 453.85 453.85 06/2005 03/",Iv (Rajasthan),,2007.0,2007-06-01,3.0,2006-11-30,2006-07,https://paimana-proj.mospi.gov.in/ReportPage/ViewPdf?id=1214&path=Content/ArchiveReport/flash/2006-07/MonthlyFR_mar_2007.pdf
,CONVERGENT BILLING AND CRM 247.00 247.00 02/2007 02/,Iv (Kerala),,2007.0,2007-12-01,10.0,2006-11-30,2006-07,https://paimana-proj.mospi.gov.in/ReportPage/ViewPdf?id=1214&path=Content/ArchiveReport/flash/2006-07/MonthlyFR_mar_2007.pdf
,"TAMLUK-DIGHA(NL),SER",Railways,,43.72,1997-03-01,278.24,2005-04-30,2005-06,https://paimana-proj.mospi.gov.in/ReportPage/ViewPdf?id=1202&path=Content/ArchiveReport/flash/2005-06/MonthlyFR_mar_2006.pdf
,KUPPAM-WHITEFIELD DOUBLING(SWR),Railways,,108.11,1996-03-01,136.2,2005-04-30,2005-06,https://paimana-proj.mospi.gov.in/ReportPage/ViewPdf?id=1202&path=Content/ArchiveReport/flash/2005-06/MonthlyFR_mar_2006.pdf
,EXPANSION OF GSM NETWORK (MTNL) (Delhi),Telecommunication,,216.37,2005-01-01,54.15,2005-04-30,2005-06,https://paimana-proj.mospi.gov.in/ReportPage/ViewPdf?id=1202&path=Content/ArchiveReport/flash/2005-06/MonthlyFR_mar_2006.pdf
,GSM PROJECT MOTOROLA (MTNL) (DELHI),Telecommunication,,227.42,2005-01-01,132.02,2005-04-30,2005-06,https://paimana-proj.mospi.gov.in/ReportPage/ViewPdf?id=1202&path=Content/ArchiveReport/flash/2005-06/MonthlyFR_mar_2006.pdf
,MANAGED LEASED LINE NETWORK (BSNL),Telecommunication,,210.0,2004-01-01,58.0,2005-04-30,2005-06,https://paimana-proj.mospi.gov.in/ReportPage/ViewPdf?id=1202&path=Content/ArchiveReport/flash/2005-06/MonthlyFR_mar_2006.pdf
,ANDHRA PRADESH CMTS (BSNL),Telecommunication,,137.05,2004-08-01,67.1,2005-04-30,2005-06,https://paimana-proj.mospi.gov.in/ReportPage/ViewPdf?id=1202&path=Content/ArchiveReport/flash/2005-06/MonthlyFR_mar_2006.pdf
,IP NETWORK WITH ROUTERS (BSNL),Telecommunication,,250.0,2004-10-01,75.58,2005-04-30,2005-06,https://paimana-proj.mospi.gov.in/ReportPage/ViewPdf?id=1202&path=Content/ArchiveReport/flash/2005-06/MonthlyFR_mar_2006.pdf
,CMTS - PHASE - III (BSNL) (KARNATAKA),Telecommunication,,154.18,2004-06-01,72.96,2005-04-30,2005-06,https://paimana-proj.mospi.gov.in/ReportPage/ViewPdf?id=1202&path=Content/ArchiveReport/flash/2005-06/MonthlyFR_mar_2006.pdf
,CMTS - PHASE - III (BSNL) (PUNJAB),Telecommunication,,233.2,2004-07-01,72.3,2005-04-30,2005-06,https://paimana-proj.mospi.gov.in/ReportPage/ViewPdf?id=1202&path=Content/ArchiveReport/flash/2005-06/MonthlyFR_mar_2006.pdf
,RAIPUR-CHANDRAPUR 400KV LINE (P.GRID),Power,,248.6,2005-12-01,240.6,2005-05-31,2005-06,https://paimana-proj.mospi.gov.in/ReportPage/ViewPdf?id=1202&path=Content/ArchiveReport/flash/2005-06/MonthlyFR_mar_2006.pdf
,GANJAM-ICCHAPURAM (GQ) KM.284-KM.223 (NH-5),Road Transport & Highways,,256.55,2004-02-01,98.06,2005-05-31,2005-06,https://paimana-proj.mospi.gov.in/ReportPage/ViewPdf?id=1202&path=Content/ArchiveReport/flash/2005-06/MonthlyFR_mar_2006.pdf
,BRIDGES SECTION (GQ) KM.80-KM.162 (NH-5),Road Transport & Highways,,131.33,2004-02-01,96.28,2005-05-31,2005-06,https://paimana-proj.mospi.gov.in/ReportPage/ViewPdf?id=1202&path=Content/ArchiveReport/flash/2005-06/MonthlyFR_mar_2006.pdf
,KAVALI-NELLORE (GQ) KM.222-KM.178 (NH-5),Road Transport & Highways,,181.0,2004-01-01,186.7,2005-05-31,2005-06,https://paimana-proj.mospi.gov.in/ReportPage/ViewPdf?id=1202&path=Content/ArchiveReport/flash/2005-06/MonthlyFR_mar_2006.pdf
,SIDPUR-SANGANER PRODUCT PIPE LINE (IOCL),Petroleum,,352.69,2004-11-01,354.02,2005-06-30,2005-06,https://paimana-proj.mospi.gov.in/ReportPage/ViewPdf?id=1202&path=Content/ArchiveReport/flash/2005-06/MonthlyFR_mar_2006.pdf
,"AGRAFORT-BANDIKUI,GC PHASE (NWR)",Railways,,88.73,1997-03-01,179.83,2005-06-30,2005-06,https://paimana-proj.mospi.gov.in/ReportPage/ViewPdf?id=1202&path=Content/ArchiveReport/flash/2005-06/MonthlyFR_mar_2006.pdf
,"MANSI-SAHARSA (GC), ECR",Railways,,55.11,2005-02-01,104.45,2005-06-30,2005-06,https://paimana-proj.mospi.gov.in/ReportPage/ViewPdf?id=1202&path=Content/ArchiveReport/flash/2005-06/MonthlyFR_mar_2006.pdf
,SURAT-ATUL (GQ) KM.263.4-KM.343 (NH-8),Road Transport & Highways,,275.58,2003-10-01,410.4,2005-06-30,2005-06,https://paimana-proj.mospi.gov.in/ReportPage/ViewPdf?id=1202&path=Content/ArchiveReport/flash/2005-06/MonthlyFR_mar_2006.pdf
,PALASA-SRIKAKULAM (GQ) KM.171-KM.97 (NH-5),Road Transport & Highways,,324.0,2003-12-01,263.0,2005-06-30,2005-06,https://paimana-proj.mospi.gov.in/ReportPage/ViewPdf?id=1202&path=Content/ArchiveReport/flash/2005-06/MonthlyFR_mar_2006.pdf
,PANAGARH-PALSIT (GQ) KM.517-KM.581 (NH-2),Road Transport & Highways,,350.0,2004-12-01,592.2,2005-06-30,2005-06,https://paimana-proj.mospi.gov.in/ReportPage/ViewPdf?id=1202&path=Content/ArchiveReport/flash/2005-06/MonthlyFR_mar_2006.pdf
,IOR GANDHAR(ONGCL),Petroleum,,609.44,2004-03-01,546.43,2005-07-31,2005-06,https://paimana-proj.mospi.gov.in/ReportPage/ViewPdf?id=1202&path=Content/ArchiveReport/flash/2005-06/MonthlyFR_mar_2006.pdf
,IOR SCHEME NEELAM(ONGCL),Petroleum,,347.69,2003-07-01,299.77,2005-07-31,2005-06,https://paimana-proj.mospi.gov.in/ReportPage/ViewPdf?id=1202&path=Content/ArchiveReport/flash/2005-06/MonthlyFR_mar_2006.pdf
,CHENNAI BEACH-CHENGALPATTU VIA,Railways,,464.99,2004-04-01,486.37,2005-07-31,2005-06,https://paimana-proj.mospi.gov.in/ReportPage/ViewPdf?id=1202&path=Content/ArchiveReport/flash/2005-06/MonthlyFR_mar_2006.pdf
,"KATPADI - PAKLA - TIRUPATHI (GC), SCR",Tambaram(Mtp),,71.7,1998-12-01,161.22,2005-07-31,2005-06,https://paimana-proj.mospi.gov.in/ReportPage/ViewPdf?id=1202&path=Content/ArchiveReport/flash/2005-06/MonthlyFR_mar_2006.pdf
,PALSIT DANKUNI (GQ) KM.581-KM.646 (NH-2),Road Transport & Highways,,432.4,2005-02-01,439.6,2005-07-31,2005-06,https://paimana-proj.mospi.gov.in/ReportPage/ViewPdf?id=1202&path=Content/ArchiveReport/flash/2005-06/MonthlyFR_mar_2006.pdf
,REFINERY MODERNISATION(BPCL),Petroleum,,1592.65,2003-09-01,1573.35,2005-08-31,2005-06,https://paimana-proj.mospi.gov.in/ReportPage/ViewPdf?id=1202&path=Content/ArchiveReport/flash/2005-06/MonthlyFR_mar_2006.pdf
,ULDCS FOR EASTERN REGION (P.GRID),Power,,290.01,2003-09-01,284.49,2005-08-31,2005-06,https://paimana-proj.mospi.gov.in/ReportPage/ViewPdf?id=1202&path=Content/ArchiveReport/flash/2005-06/MonthlyFR_mar_2006.pdf
,TARAPUR 3 & 4 TRANSMISSION SYSTEM (P.GRID),Power,,237.0,2005-09-01,228.26,2005-08-31,2005-06,https://paimana-proj.mospi.gov.in/ReportPage/ViewPdf?id=1202&path=Content/ArchiveReport/flash/2005-06/MonthlyFR_mar_2006.pdf
,TUNI-DHARMAVARAM (GQ) KM.300-KM.253 (NH-5),Road Transport & Highways,,231.9,2004-11-01,268.2,2005-08-31,2005-06,https://paimana-proj.mospi.gov.in/ReportPage/ViewPdf?id=1202&path=Content/ArchiveReport/flash/2005-06/MonthlyFR_mar_2006.pdf
,REPAIR OF BLAST FURNACE No.4,Steel,,95.64,2005-10-01,104.89,2005-09-30,2005-06,https://paimana-proj.mospi.gov.in/ReportPage/ViewPdf?id=1202&path=Content/ArchiveReport/flash/2005-06/MonthlyFR_mar_2006.pdf
,RIHAND STPP ST - II(NTPC),Power,,3384.77,2006-05-01,2381.83,2005-09-30,2005-06,https://paimana-proj.mospi.gov.in/ReportPage/ViewPdf?id=1202&path=Content/ArchiveReport/flash/2005-06/MonthlyFR_mar_2006.pdf
,KORLAM-PALASA (GQ) KM.200-KM.171 (NH-5),Road Transport & Highways,,135.11,2004-01-01,96.56,2005-09-30,2005-06,https://paimana-proj.mospi.gov.in/ReportPage/ViewPdf?id=1202&path=Content/ArchiveReport/flash/2005-06/MonthlyFR_mar_2006.pdf
,ONGOLE-KAVALI (GQ) KM.291-KM.222,Road Transport & Highways,,321.41,2004-04-01,304.9,2005-09-30,2005-06,https://paimana-proj.mospi.gov.in/ReportPage/ViewPdf?id=1202&path=Content/ArchiveReport/flash/2005-06/MonthlyFR_mar_2006.pdf
,UPGRADATION ERW PIPE PLANT,Steel,,89.15,2005-08-01,82.22,2005-10-31,2005-06,https://paimana-proj.mospi.gov.in/ReportPage/ViewPdf?id=1202&path=Content/ArchiveReport/flash/2005-06/MonthlyFR_mar_2006.pdf
,DHAULIGANGA H.E.P.-I (NHPC),Power,,601.98,1998-10-01,1679.01,2005-10-31,2005-06,https://paimana-proj.mospi.gov.in/ReportPage/ViewPdf?id=1202&path=Content/ArchiveReport/flash/2005-06/MonthlyFR_mar_2006.pdf
,KAIGA-NARENDRA TR.SYSTEM (P.GR.),Power,,75.99,2002-11-01,138.81,2005-10-31,2005-06,https://paimana-proj.mospi.gov.in/ReportPage/ViewPdf?id=1202&path=Content/ArchiveReport/flash/2005-06/MonthlyFR_mar_2006.pdf
,NAMRUP PLANT REVAMP(BVFC),Fertilisers,,350.0,2001-05-01,526.97,2005-11-30,2005-06,https://paimana-proj.mospi.gov.in/ReportPage/ViewPdf?id=1202&path=Content/ArchiveReport/flash/2005-06/MonthlyFR_mar_2006.pdf
,MUMBAI HIGH-URAN TRUNK PIPELINE (ONGC),Petroleum,,2792.5,2005-05-01,2259.14,2005-11-30,2005-06,https://paimana-proj.mospi.gov.in/ReportPage/ViewPdf?id=1202&path=Content/ArchiveReport/flash/2005-06/MonthlyFR_mar_2006.pdf
,RIHAND - II TRANSMISSION (P.GRID),Power,,1044.44,2005-12-01,823.75,2005-11-30,2005-06,https://paimana-proj.mospi.gov.in/ReportPage/ViewPdf?id=1202&path=Content/ArchiveReport/flash/2005-06/MonthlyFR_mar_2006.pdf
,IN PROJECT (BSNL),Telecommunication,,120.0,2004-10-01,42.14,2005-11-30,2005-06,https://paimana-proj.mospi.gov.in/ReportPage/ViewPdf?id=1202&path=Content/ArchiveReport/flash/2005-06/MonthlyFR_mar_2006.pdf
,HIMATNAGAR-CHILODA (GQ) KM.443-KM.495 (NH-8),Road Transport & Highways,,180.31,2003-12-01,140.0,2005-12-31,2005-06,https://paimana-proj.mospi.gov.in/ReportPage/ViewPdf?id=1202&path=Content/ArchiveReport/flash/2005-06/MonthlyFR_mar_2006.pdf
,ICHHAPURAM-KORLAM (GQ) KM.233-KM.200 (NH-5),Road Transport & Highways,,143.05,2004-01-01,94.88,2005-12-31,2005-06,https://paimana-proj.mospi.gov.in/ReportPage/ViewPdf?id=1202&path=Content/ArchiveReport/flash/2005-06/MonthlyFR_mar_2006.pdf
,TADA-CHENNAI (GQ) KM.52.8-KM.11 (NH-5),Road Transport & Highways,,233.0,2003-12-01,280.6,2005-12-31,2005-06,https://paimana-proj.mospi.gov.in/ReportPage/ViewPdf?id=1202&path=Content/ArchiveReport/flash/2005-06/MonthlyFR_mar_2006.pdf
,CMTS - PHASE - III (BSNL) (KERALA),Telecommunication,,186.04,2004-06-01,50.43,2005-12-31,2005-06,https://paimana-proj.mospi.gov.in/ReportPage/ViewPdf?id=1202&path=Content/ArchiveReport/flash/2005-06/MonthlyFR_mar_2006.pdf
,CMTS - PHASE - IV (BSNL) (MAHARASTRA),Telecommunication,,352.72,2004-12-01,28.47,2005-12-31,2005-06,https://paimana-proj.mospi.gov.in/ReportPage/ViewPdf?id=1202&path=Content/ArchiveReport/flash/2005-06/MonthlyFR_mar_2006.pdf
,DELHI CDMA IN WLL (MTNL),Telecommunication,,460.28,2004-09-01,41.0,2006-01-31,2005-06,https://paimana-proj.mospi.gov.in/ReportPage/ViewPdf?id=1202&path=Content/ArchiveReport/flash/2005-06/MonthlyFR_mar_2006.pdf
,BROAD BAND RAS (BSNL),Telecommunication,,350.0,2004-12-01,36.55,2006-01-31,2005-06,https://paimana-proj.mospi.gov.in/ReportPage/ViewPdf?id=1202&path=Content/ArchiveReport/flash/2005-06/MonthlyFR_mar_2006.pdf
,DEVELOPMENT OF D-I PROSPECT (ONGCL),Petroleum,,310.32,2005-03-01,234.29,2006-03-31,2005-06,https://paimana-proj.mospi.gov.in/ReportPage/ViewPdf?id=1202&path=Content/ArchiveReport/flash/2005-06/MonthlyFR_mar_2006.pdf
,PUNE - KHED (KM 12.9 - KM 42) PH-III,Road Transport & Highways,,127.6,2005-08-01,90.0,2006-03-31,2005-06,https://paimana-proj.mospi.gov.in/ReportPage/ViewPdf?id=1202&path=Content/ArchiveReport/flash/2005-06/MonthlyFR_mar_2006.pdf
,SATARA-KAGAL (GQ) KM.725-KM.592.24 (NH-4),Road Transport & Highways,,600.0,2004-05-01,603.5,2006-03-31,2005-06,https://paimana-proj.mospi.gov.in/ReportPage/ViewPdf?id=1202&path=Content/ArchiveReport/flash/2005-06/MonthlyFR_mar_2006.pdf
,KHURDA-SUNAKHALA (GQ) KM.388-KM.338 (NH-5),Road Transport & Highways,,189.68,2003-12-01,159.0,2006-03-31,2005-06,https://paimana-proj.mospi.gov.in/ReportPage/ViewPdf?id=1202&path=Content/ArchiveReport/flash/2005-06/MonthlyFR_mar_2006.pdf
,SRINAGAR BYPASS (KM 286 - KM 303.8) (NS-,Road Transport & Highways,,125.0,2006-05-01,59.61,2005-09-30,2005-06,https://paimana-proj.mospi.gov.in/ReportPage/ViewPdf?id=1202&path=Content/ArchiveReport/flash/2005-06/MonthlyFR_mar_2006.pdf
,NEW URANIUM ORE PROCESSING 343.26 343.26 06/2006 03/,Atomic Energy,,2006.0,2006-09-01,6.0,2006-01-31,2005-06,https://paimana-proj.mospi.gov.in/ReportPage/ViewPdf?id=1202&path=Content/ArchiveReport/flash/2005-06/MonthlyFR_mar_2006.pdf
,MUMBAI HIGH SOUTH 5255.97 6579.25 07/2007 07/,Petroleum,,2007.0,2008-12-01,17.0,2006-01-31,2005-06,https://paimana-proj.mospi.gov.in/ReportPage/ViewPdf?id=1202&path=Content/ArchiveReport/flash/2005-06/MonthlyFR_mar_2006.pdf
,MUMBAI HIGH NORTH 2929.40 3239.43 12/2005 02/,Offshore,,2006.0,2006-12-01,10.0,2006-01-31,2005-06,https://paimana-proj.mospi.gov.in/ReportPage/ViewPdf?id=1202&path=Content/ArchiveReport/flash/2005-06/MonthlyFR_mar_2006.pdf
,C2-C3 & LPG RECOVERY FROM 900.92 1493.49 06/2006 06/,Dev(Ongcl),,2006.0,2008-05-01,23.0,2006-01-31,2005-06,https://paimana-proj.mospi.gov.in/ReportPage/ViewPdf?id=1202&path=Content/ArchiveReport/flash/2005-06/MonthlyFR_mar_2006.pdf
,TEHRI TR. SYSTEM(P.GRID) 421.00 913.84 03/1999 03/,Power,,2006.0,2006-05-01,2.0,2006-01-31,2005-06,https://paimana-proj.mospi.gov.in/ReportPage/ViewPdf?id=1202&path=Content/ArchiveReport/flash/2005-06/MonthlyFR_mar_2006.pdf
,"NIMACH-RATLAM(GC),WR 65.00 167.51 03/1996 12/",Railways,,2006.0,2007-03-01,3.0,2006-01-31,2005-06,https://paimana-proj.mospi.gov.in/ReportPage/ViewPdf?id=1202&path=Content/ArchiveReport/flash/2005-06/MonthlyFR_mar_2006.pdf
,DUDHICHUA (NCL),Coal,,868.93,1998-03-01,1263.8,2004-04-30,2004-05,https://paimana-proj.mospi.gov.in/ReportPage/ViewPdf?id=1191&path=Content/ArchiveReport/flash/2004-05/MonthlyFR_mar_2005.pdf
,JHANJRA U.G. (ECL),Coal,,184.55,1994-03-01,363.08,2004-04-30,2004-05,https://paimana-proj.mospi.gov.in/ReportPage/ViewPdf?id=1191&path=Content/ArchiveReport/flash/2004-05/MonthlyFR_mar_2005.pdf
,NIGAHI OC EXPANSION(NCL),Coal,,1846.49,2004-03-01,1370.64,2004-04-30,2004-05,https://paimana-proj.mospi.gov.in/ReportPage/ViewPdf?id=1191&path=Content/ArchiveReport/flash/2004-05/MonthlyFR_mar_2005.pdf
,JHARKHAND OC(CCL),Coal,,110.89,2004-03-01,63.3,2004-04-30,2004-05,https://paimana-proj.mospi.gov.in/ReportPage/ViewPdf?id=1191&path=Content/ArchiveReport/flash/2004-05/MonthlyFR_mar_2005.pdf
,PIG IRON PLANT (NMDC),Steel,,298.68,2004-10-01,26.12,2004-05-31,2004-05,https://paimana-proj.mospi.gov.in/ReportPage/ViewPdf?id=1191&path=Content/ArchiveReport/flash/2004-05/MonthlyFR_mar_2005.pdf
,LONG RAIL FACILITIES IN R&S MILL (SAIL),Steel,,320.0,2004-08-01,226.04,2004-05-31,2004-05,https://paimana-proj.mospi.gov.in/ReportPage/ViewPdf?id=1191&path=Content/ArchiveReport/flash/2004-05/MonthlyFR_mar_2005.pdf
,HBJ PIPELINE UPGRADATION PJCT-PHI(GAIL),Petroleum,,2936.0,2004-09-01,2400.0,2004-05-31,2004-05,https://paimana-proj.mospi.gov.in/ReportPage/ViewPdf?id=1191&path=Content/ArchiveReport/flash/2004-05/MonthlyFR_mar_2005.pdf
,HYDROTREATER AT DIGBOI REF. (IOCL),Petroleum,,343.0,2002-05-01,354.28,2004-05-31,2004-05,https://paimana-proj.mospi.gov.in/ReportPage/ViewPdf?id=1191&path=Content/ArchiveReport/flash/2004-05/MonthlyFR_mar_2005.pdf
,JAMMU-TAWI UDHAMPUR NEW LINE (NR),Railways,,50.0,1994-03-01,483.0,2004-05-31,2004-05,https://paimana-proj.mospi.gov.in/ReportPage/ViewPdf?id=1191&path=Content/ArchiveReport/flash/2004-05/MonthlyFR_mar_2005.pdf
,AHMEDABAD-VADODARA EXPRESSWAY(GQ),Road Transport & Highways,,128.4,1991-12-01,700.28,2004-05-31,2004-05,https://paimana-proj.mospi.gov.in/ReportPage/ViewPdf?id=1191&path=Content/ArchiveReport/flash/2004-05/MonthlyFR_mar_2005.pdf
,"ACQN. OF 2-146,860 DWT CRUDE OIL TANKERS",Shipping & Ports,,457.78,2004-09-01,448.07,2004-05-31,2004-05,https://paimana-proj.mospi.gov.in/ReportPage/ViewPdf?id=1191&path=Content/ArchiveReport/flash/2004-05/MonthlyFR_mar_2005.pdf
,UDHNA-JALGAON(RE),Railways,,124.39,2002-03-01,108.9,2004-07-31,2004-05,https://paimana-proj.mospi.gov.in/ReportPage/ViewPdf?id=1191&path=Content/ArchiveReport/flash/2004-05/MonthlyFR_mar_2005.pdf
,NANDIGAMA-VIJAYAWADA (OTHERS) (NH-9),Road Transport & Highways,,138.65,2003-12-01,86.64,2004-07-31,2004-05,https://paimana-proj.mospi.gov.in/ReportPage/ViewPdf?id=1191&path=Content/ArchiveReport/flash/2004-05/MonthlyFR_mar_2005.pdf
,NAINI BRIDGE & LINK RD.BETWEEN NH2 & NH-27,Road Transport & Highways,,100.36,2001-06-01,281.11,2004-07-31,2004-05,https://paimana-proj.mospi.gov.in/ReportPage/ViewPdf?id=1191&path=Content/ArchiveReport/flash/2004-05/MonthlyFR_mar_2005.pdf
,VISAKH-SECNDERABAD LPG(GAIL),Petroleum,,490.65,2003-08-01,415.97,2004-08-31,2004-05,https://paimana-proj.mospi.gov.in/ReportPage/ViewPdf?id=1191&path=Content/ArchiveReport/flash/2004-05/MonthlyFR_mar_2005.pdf
,REFINERY EXPANSION CUM.MOD. PROJECT(CPCL),Petroleum,,2360.38,2003-07-01,2144.86,2004-08-31,2004-05,https://paimana-proj.mospi.gov.in/ReportPage/ViewPdf?id=1191&path=Content/ArchiveReport/flash/2004-05/MonthlyFR_mar_2005.pdf
,NATHPA JHAKRI H.E.P. (NJPC),Power,,1678.02,1996-04-01,7905.35,2004-08-31,2004-05,https://paimana-proj.mospi.gov.in/ReportPage/ViewPdf?id=1191&path=Content/ArchiveReport/flash/2004-05/MonthlyFR_mar_2005.pdf
,EXPN. OF CAPACITY OF SMELTER & CPP (NALCO),Mines,,2061.98,2002-05-01,1593.05,2004-09-30,2004-05,https://paimana-proj.mospi.gov.in/ReportPage/ViewPdf?id=1191&path=Content/ArchiveReport/flash/2004-05/MonthlyFR_mar_2005.pdf
,LINEAR ALKYL BENZENE (IOCL),Petroleum,,1248.0,2004-03-01,945.85,2004-10-31,2004-05,https://paimana-proj.mospi.gov.in/ReportPage/ViewPdf?id=1191&path=Content/ArchiveReport/flash/2004-05/MonthlyFR_mar_2005.pdf
,NELLORE BY PASS (GQ) KM.178.2-KM.161 (NH-5),Road Transport & Highways,,143.2,2003-12-01,147.14,2004-10-31,2004-05,https://paimana-proj.mospi.gov.in/ReportPage/ViewPdf?id=1191&path=Content/ArchiveReport/flash/2004-05/MonthlyFR_mar_2005.pdf
,2NT & 3RD GENERATION MOBILE COMMUNICATION,Telecommunication,,147.0,2006-03-01,29.3,2004-10-31,2004-05,https://paimana-proj.mospi.gov.in/ReportPage/ViewPdf?id=1191&path=Content/ArchiveReport/flash/2004-05/MonthlyFR_mar_2005.pdf
,RAMAGUNDAM STPP ST - III(NTPC),Power,,1780.99,2005-08-01,1177.56,2005-01-31,2004-05,https://paimana-proj.mospi.gov.in/ReportPage/ViewPdf?id=1191&path=Content/ArchiveReport/flash/2004-05/MonthlyFR_mar_2005.pdf
,SIRA-TUMKUR (GQ) KM.116.4-KM.75 (NH-4),Road Transport & Highways,,184.0,2004-08-01,225.0,2005-01-31,2004-05,https://paimana-proj.mospi.gov.in/ReportPage/ViewPdf?id=1191&path=Content/ArchiveReport/flash/2004-05/MonthlyFR_mar_2005.pdf
,ANKAPALLI-TUNI (GQ) KM.28.-KM.49 (NH-5),Road Transport & Highways,,283.2,2004-11-01,232.5,2005-01-31,2004-05,https://paimana-proj.mospi.gov.in/ReportPage/ViewPdf?id=1191&path=Content/ArchiveReport/flash/2004-05/MonthlyFR_mar_2005.pdf
,KHAGA-KOKHRAJ (GQ) KM.115-KM.158 (NH-2),Road Transport & Highways,,151.7,2004-02-01,184.2,2005-01-31,2004-05,https://paimana-proj.mospi.gov.in/ReportPage/ViewPdf?id=1191&path=Content/ArchiveReport/flash/2004-05/MonthlyFR_mar_2005.pdf
,TR. SYSTEM STRENGTHENING IN BIHAR(P.GRID),Power,,162.88,2004-02-01,104.73,2005-02-28,2004-05,https://paimana-proj.mospi.gov.in/ReportPage/ViewPdf?id=1191&path=Content/ArchiveReport/flash/2004-05/MonthlyFR_mar_2005.pdf
,GAZUVAKA HVDC BACK TO BACK PROJECT - II (500,Power,,769.25,2005-01-01,494.55,2005-02-28,2004-05,https://paimana-proj.mospi.gov.in/ReportPage/ViewPdf?id=1191&path=Content/ArchiveReport/flash/2004-05/MonthlyFR_mar_2005.pdf
,TALCHER STPP ST-II(NTPC),Power,,6648.83,2006-02-01,4378.35,2005-03-31,2004-05,https://paimana-proj.mospi.gov.in/ReportPage/ViewPdf?id=1191&path=Content/ArchiveReport/flash/2004-05/MonthlyFR_mar_2005.pdf
,RAMAGUNDAM-III TRANSMISSION SYSTEM (P.GRID),Power,,390.12,2005-08-01,279.02,2005-03-31,2004-05,https://paimana-proj.mospi.gov.in/ReportPage/ViewPdf?id=1191&path=Content/ArchiveReport/flash/2004-05/MonthlyFR_mar_2005.pdf
,"PANVEL-KARJAT(NL),CR",Railways,,89.0,1997-03-01,130.16,2005-03-31,2004-05,https://paimana-proj.mospi.gov.in/ReportPage/ViewPdf?id=1191&path=Content/ArchiveReport/flash/2004-05/MonthlyFR_mar_2005.pdf
,MAHAPURA-KISHANGARH (GQ) KM. 273.5 - KM. 363 -,Road Transport & Highways,,644.0,2005-10-01,632.8,2005-03-31,2004-05,https://paimana-proj.mospi.gov.in/ReportPage/ViewPdf?id=1191&path=Content/ArchiveReport/flash/2004-05/MonthlyFR_mar_2005.pdf
,KESARIAJI RATANPUR (GQ) KM.340-KM.388.4 (NH-8),Road Transport & Highways,,226.05,2004-04-01,146.6,2005-03-31,2004-05,https://paimana-proj.mospi.gov.in/ReportPage/ViewPdf?id=1191&path=Content/ArchiveReport/flash/2004-05/MonthlyFR_mar_2005.pdf
,NAMRUP PLANT REVAMP(BVFC) 350.00 610.24 05/2001 02/,Fertilisers,,2005.0,2005-05-01,3.0,2005-03-31,2004-05,https://paimana-proj.mospi.gov.in/ReportPage/ViewPdf?id=1191&path=Content/ArchiveReport/flash/2004-05/MonthlyFR_mar_2005.pdf
,REFINERY 1592.65 1831.00 09/2003 06/,Petroleum,,2005.0,2005-07-01,1.0,2005-03-31,2004-05,https://paimana-proj.mospi.gov.in/ReportPage/ViewPdf?id=1191&path=Content/ArchiveReport/flash/2004-05/MonthlyFR_mar_2005.pdf
,"DHDT & M.S.Q PROJECT, 1483.00 1689.00 08/2004 03/",Modernisation(Bpcl),,2005.0,2005-05-01,2.0,2005-03-31,2004-05,https://paimana-proj.mospi.gov.in/ReportPage/ViewPdf?id=1191&path=Content/ArchiveReport/flash/2004-05/MonthlyFR_mar_2005.pdf
,SIDPUR-SANGANER PRODUCT 352.69 358.00 11/2004 02/,Mathura Refinery (Iocl),,2005.0,2005-04-01,2.0,2005-03-31,2004-05,https://paimana-proj.mospi.gov.in/ReportPage/ViewPdf?id=1191&path=Content/ArchiveReport/flash/2004-05/MonthlyFR_mar_2005.pdf
,KBPL CONVERSION TO CRUDE 305.60 272.00 08/2004 03/,Pipe Line (Iocl),,2005.0,2005-10-01,7.0,2005-03-31,2004-05,https://paimana-proj.mospi.gov.in/ReportPage/ViewPdf?id=1191&path=Content/ArchiveReport/flash/2004-05/MonthlyFR_mar_2005.pdf
,INTEGRATED PARA- 4228.00 4746.00 08/2005 08/,Service & Mundra-Kol Line,,2005.0,2005-10-01,2.0,2005-03-31,2004-05,https://paimana-proj.mospi.gov.in/ReportPage/ViewPdf?id=1191&path=Content/ArchiveReport/flash/2004-05/MonthlyFR_mar_2005.pdf
,SURENDRANAGAR- 437.40 528.49 03/2004 03/,Railways,,2005.0,2005-05-01,2.0,2005-03-31,2004-05,https://paimana-proj.mospi.gov.in/ReportPage/ViewPdf?id=1191&path=Content/ArchiveReport/flash/2004-05/MonthlyFR_mar_2005.pdf
,TIRUMALAI - VELLACHERI EXTN. 605.70 706.35 03/2002 03/,Bhavanagar,,2005.0,2007-03-01,24.0,2005-03-31,2004-05,https://paimana-proj.mospi.gov.in/ReportPage/ViewPdf?id=1191&path=Content/ArchiveReport/flash/2004-05/MonthlyFR_mar_2005.pdf
,THANE-TURBHE-NERUL-VASHI 403.39 403.39 03/2000 03/,Of Mrts (Mtp),,2005.0,2005-12-01,9.0,2005-03-31,2004-05,https://paimana-proj.mospi.gov.in/ReportPage/ViewPdf?id=1191&path=Content/ArchiveReport/flash/2004-05/MonthlyFR_mar_2005.pdf
,AMBALA-MORADABAD 152.21 222.96 03/1998 03/,Of Mrts (Mtp),,2005.0,2006-03-01,12.0,2005-03-31,2004-05,https://paimana-proj.mospi.gov.in/ReportPage/ViewPdf?id=1191&path=Content/ArchiveReport/flash/2004-05/MonthlyFR_mar_2005.pdf
,PALLIKONDA-RANIPET Q 211.00 211.00 04/2004 08/,Road Transport & Highways,,2005.0,2005-10-01,2.0,2005-03-31,2004-05,https://paimana-proj.mospi.gov.in/ReportPage/ViewPdf?id=1191&path=Content/ArchiveReport/flash/2004-05/MonthlyFR_mar_2005.pdf
,"LUCKNOW-BYPASS, NH-25 & NH- 182.52 185.52 06/2004 06/",Kashmir),,2005.0,2006-03-01,9.0,2005-03-31,2004-05,https://paimana-proj.mospi.gov.in/ReportPage/ViewPdf?id=1191&path=Content/ArchiveReport/flash/2004-05/MonthlyFR_mar_2005.pdf
,TALCHER-II TRANSMISSION SYSTEM(P.GRID),Power,,3086.73,2003-01-01,2642.81,2003-04-30,2003-04,https://paimana-proj.mospi.gov.in/ReportPage/ViewPdf?id=1179&path=Content/ArchiveReport/flash/2003-04/MonthlyFR_mar_2004.pdf
,PORT FACILITIES FOR MRPL REF.EXPN.(NMPT),Shipping & Ports,,236.5,2002-01-01,126.94,2003-04-30,2003-04,https://paimana-proj.mospi.gov.in/ReportPage/ViewPdf?id=1179&path=Content/ArchiveReport/flash/2003-04/MonthlyFR_mar_2004.pdf
,"NEW SOLVENT DEWAXING UNIT (IOC),DIGBOI",Petroleum,,419.0,2002-11-01,387.75,2003-06-30,2003-04,https://paimana-proj.mospi.gov.in/ReportPage/ViewPdf?id=1179&path=Content/ArchiveReport/flash/2003-04/MonthlyFR_mar_2004.pdf
,LPG TERMINAL FOREIRP(IOCL),Petroleum,,220.81,2003-06-01,38.73,2003-06-30,2003-04,https://paimana-proj.mospi.gov.in/ReportPage/ViewPdf?id=1179&path=Content/ArchiveReport/flash/2003-04/MonthlyFR_mar_2004.pdf
,LD&C SCHEME IN NER(P.GRID),Power,,158.94,2000-03-01,133.8,2003-07-31,2003-04,https://paimana-proj.mospi.gov.in/ReportPage/ViewPdf?id=1179&path=Content/ArchiveReport/flash/2003-04/MonthlyFR_mar_2004.pdf
,AUG. OF VIRANGAM KOYALI OF SM PIPELINE (IOC),Petroleum,,329.05,2003-03-01,123.24,2003-08-31,2003-04,https://paimana-proj.mospi.gov.in/ReportPage/ViewPdf?id=1179&path=Content/ArchiveReport/flash/2003-04/MonthlyFR_mar_2004.pdf
,TPS-I EXP.(NLC),Coal,,1590.58,2001-03-01,1185.98,2003-10-31,2003-04,https://paimana-proj.mospi.gov.in/ReportPage/ViewPdf?id=1179&path=Content/ArchiveReport/flash/2003-04/MonthlyFR_mar_2004.pdf
,WESTERLY DIVERSION (GQ) KM.0-KM.34.25 (NH-4),Road Transport & Highways,,109.38,2002-08-01,151.6,2003-10-31,2003-04,https://paimana-proj.mospi.gov.in/ReportPage/ViewPdf?id=1179&path=Content/ArchiveReport/flash/2003-04/MonthlyFR_mar_2004.pdf
,"ACQN.OF 4-110,000 DWT CRUDE OIL CARRIERS",Shipping & Ports,,672.28,2003-08-01,636.66,2003-10-31,2003-04,https://paimana-proj.mospi.gov.in/ReportPage/ViewPdf?id=1179&path=Content/ArchiveReport/flash/2003-04/MonthlyFR_mar_2004.pdf
,KAIJALI-MANOR (GQ) KM.381.6-KM.439 (NH-8),Road Transport & Highways,,192.71,2003-10-01,248.2,2003-11-30,2003-04,https://paimana-proj.mospi.gov.in/ReportPage/ViewPdf?id=1179&path=Content/ArchiveReport/flash/2003-04/MonthlyFR_mar_2004.pdf
,WATHAR-SATARA (GQ) KM.760-KM.725 (NH-4),Road Transport & Highways,,139.0,2003-12-01,112.1,2003-12-31,2003-04,https://paimana-proj.mospi.gov.in/ReportPage/ViewPdf?id=1179&path=Content/ArchiveReport/flash/2003-04/MonthlyFR_mar_2004.pdf
,NELLORE-TADA (GQ) KM.163.6-KM.52.8 (NH-5),Road Transport & Highways,,621.35,2003-12-01,613.7,2003-12-31,2003-04,https://paimana-proj.mospi.gov.in/ReportPage/ViewPdf?id=1179&path=Content/ArchiveReport/flash/2003-04/MonthlyFR_mar_2004.pdf
,MERAMUNDALI-JEYPORE 400 KV D/C LINE(P.GRID),Power,,166.51,2003-04-01,135.41,2004-01-31,2003-04,https://paimana-proj.mospi.gov.in/ReportPage/ViewPdf?id=1179&path=Content/ArchiveReport/flash/2003-04/MonthlyFR_mar_2004.pdf
,UDAIPUR-KESARIAJI (GQ) KM.278-KM.340 (NH-8),Road Transport & Highways,,245.91,2004-04-01,202.1,2004-01-31,2003-04,https://paimana-proj.mospi.gov.in/ReportPage/ViewPdf?id=1179&path=Content/ArchiveReport/flash/2003-04/MonthlyFR_mar_2004.pdf
,ATUL-KAIJALI (GQ) KMS.343-KMS.381.6 (NH-8),Road Transport & Highways,,174.59,2003-04-01,210.3,2004-01-31,2003-04,https://paimana-proj.mospi.gov.in/ReportPage/ViewPdf?id=1179&path=Content/ArchiveReport/flash/2003-04/MonthlyFR_mar_2004.pdf
,HOSUR-KRISHNAGIRI (GQ) KM.48.6-KM.94.0 (NH-7),Road Transport & Highways,,213.0,2004-06-01,147.4,2004-01-31,2003-04,https://paimana-proj.mospi.gov.in/ReportPage/ViewPdf?id=1179&path=Content/ArchiveReport/flash/2003-04/MonthlyFR_mar_2004.pdf
,CHAMERA H.E. PROJECT ST-II (NHPC),Power,,1684.02,2004-05-01,1867.72,2004-02-29,2003-04,https://paimana-proj.mospi.gov.in/ReportPage/ViewPdf?id=1179&path=Content/ArchiveReport/flash/2003-04/MonthlyFR_mar_2004.pdf
,PIG IRON PLANT (NMDC) 298.68 298.68 10/2004 03/,Steel,,2006.0,2006-06-01,3.0,2004-02-29,2003-04,https://paimana-proj.mospi.gov.in/ReportPage/ViewPdf?id=1179&path=Content/ArchiveReport/flash/2003-04/MonthlyFR_mar_2004.pdf
,VISAKH-SECNDERABAD 490.65 463.26 08/2003 03/,Petroleum,,2004.0,2004-04-01,1.0,2004-02-29,2003-04,https://paimana-proj.mospi.gov.in/ReportPage/ViewPdf?id=1179&path=Content/ArchiveReport/flash/2003-04/MonthlyFR_mar_2004.pdf
,HBJ PIPELINE UPGRADATION 2936.00 2444.54 09/2004 03/,Lpg(Gail),,2004.0,2004-04-01,1.0,2004-02-29,2003-04,https://paimana-proj.mospi.gov.in/ReportPage/ViewPdf?id=1179&path=Content/ArchiveReport/flash/2003-04/MonthlyFR_mar_2004.pdf
,IOR LAKWA-LAKHMANI 345.10 345.10 03/2007 03/,Pjct-Phi(Gail),,2004.0,2007-03-01,36.0,2004-02-29,2003-04,https://paimana-proj.mospi.gov.in/ReportPage/ViewPdf?id=1179&path=Content/ArchiveReport/flash/2003-04/MonthlyFR_mar_2004.pdf
,RANCHI-LOHARDAGA 193.78 185.31 06/2004 03/,Railways,,2005.0,2006-03-01,12.0,2004-02-29,2003-04,https://paimana-proj.mospi.gov.in/ReportPage/ViewPdf?id=1179&path=Content/ArchiveReport/flash/2003-04/MonthlyFR_mar_2004.pdf
,JAMMU-TAWI UDHAMPUR NEW 50.00 510.00 03/1994 03/,Extension To Tori,,2004.0,2004-04-01,1.0,2004-02-29,2003-04,https://paimana-proj.mospi.gov.in/ReportPage/ViewPdf?id=1179&path=Content/ArchiveReport/flash/2003-04/MonthlyFR_mar_2004.pdf
,"TAMLUK-DIGHA(NL),SER 43.72 293.97 03/1997 03/",Line (Nr),,2005.0,2005-06-01,3.0,2004-02-29,2003-04,https://paimana-proj.mospi.gov.in/ReportPage/ViewPdf?id=1179&path=Content/ArchiveReport/flash/2003-04/MonthlyFR_mar_2004.pdf
,PAREJ OC(CCL),Coal,,116.19,1998-03-01,126.57,2002-04-30,2002-03,https://paimana-proj.mospi.gov.in/ReportPage/ViewPdf?id=1167&path=Content/ArchiveReport/flash/2002-03/FR_MAR_2003.pdf
,GOUTHAMKHANI OC (SCCL),Coal,,415.93,2002-03-01,120.07,2002-04-30,2002-03,https://paimana-proj.mospi.gov.in/ReportPage/ViewPdf?id=1167&path=Content/ArchiveReport/flash/2002-03/FR_MAR_2003.pdf
,POL JETTY AT JAWHARLAL NEHRU PORT(BPCL),Petroleum,,198.02,2001-12-01,141.0,2002-04-30,2002-03,https://paimana-proj.mospi.gov.in/ReportPage/ViewPdf?id=1167&path=Content/ArchiveReport/flash/2002-03/FR_MAR_2003.pdf
,"RANGANADI HYDRO ELECTRIC PROJECT, STAGE",Power,,312.78,1994-08-01,1398.45,2002-04-30,2002-03,https://paimana-proj.mospi.gov.in/ReportPage/ViewPdf?id=1167&path=Content/ArchiveReport/flash/2002-03/FR_MAR_2003.pdf
,BOKARO-KIRIBURU RE,Railways,,113.62,1997-03-01,225.48,2002-04-30,2002-03,https://paimana-proj.mospi.gov.in/ReportPage/ViewPdf?id=1167&path=Content/ArchiveReport/flash/2002-03/FR_MAR_2003.pdf
,SITARAMPUR-MUGHALSARAI RE,Railways,,240.4,1998-03-01,354.38,2002-04-30,2002-03,https://paimana-proj.mospi.gov.in/ReportPage/ViewPdf?id=1167&path=Content/ArchiveReport/flash/2002-03/FR_MAR_2003.pdf
,ERODE-ERNAKULAM(RE),Railways,,150.97,1998-03-01,187.89,2002-04-30,2002-03,https://paimana-proj.mospi.gov.in/ReportPage/ViewPdf?id=1167&path=Content/ArchiveReport/flash/2002-03/FR_MAR_2003.pdf
,BHUBANESWAR-KOTTAVALASA(RE),Railways,,292.22,2002-03-01,188.27,2002-04-30,2002-03,https://paimana-proj.mospi.gov.in/ReportPage/ViewPdf?id=1167&path=Content/ArchiveReport/flash/2002-03/FR_MAR_2003.pdf
,AUGMNTN SALAYA-MATHURA CRUDE OIL,Refinery(Ioc),,1734.0,2002-09-01,5.61,2002-05-31,2002-03,https://paimana-proj.mospi.gov.in/ReportPage/ViewPdf?id=1167&path=Content/ArchiveReport/flash/2002-03/FR_MAR_2003.pdf
,GONDIA-CHANDAFORT GC(SCR),Railways,,158.83,1996-12-01,236.27,2002-06-30,2002-03,https://paimana-proj.mospi.gov.in/ReportPage/ViewPdf?id=1167&path=Content/ArchiveReport/flash/2002-03/FR_MAR_2003.pdf
,RAVINDERKHANI NEW TECH. UG (SCCL),Coal,,242.95,2003-03-01,23.07,2002-07-31,2002-03,https://paimana-proj.mospi.gov.in/ReportPage/ViewPdf?id=1167&path=Content/ArchiveReport/flash/2002-03/FR_MAR_2003.pdf
,HALDIA FETILIZER PROJECT (HFC),Fertilisers,,88.03,1976-10-01,830.0,2002-07-31,2002-03,https://paimana-proj.mospi.gov.in/ReportPage/ViewPdf?id=1167&path=Content/ArchiveReport/flash/2002-03/FR_MAR_2003.pdf
,LOAD DESPATCH SCHEME (LDC) FORNORTHERN,Power,,479.51,2000-03-01,473.18,2002-07-31,2002-03,https://paimana-proj.mospi.gov.in/ReportPage/ViewPdf?id=1167&path=Content/ArchiveReport/flash/2002-03/FR_MAR_2003.pdf
,GUNTUR - GUNTAKAL & GOOTY- KALLURU-,Railways,,226.4,1996-03-01,554.66,2002-07-31,2002-03,https://paimana-proj.mospi.gov.in/ReportPage/ViewPdf?id=1167&path=Content/ArchiveReport/flash/2002-03/FR_MAR_2003.pdf
,SIMHADRI TPP ST-I (NTPC),Power,,3650.79,2002-12-01,2847.37,2002-09-30,2002-03,https://paimana-proj.mospi.gov.in/ReportPage/ViewPdf?id=1167&path=Content/ArchiveReport/flash/2002-03/FR_MAR_2003.pdf
,AUGMENTATION OF HBCPL (IOC),Petroleum,,472.0,2002-02-01,282.05,2002-10-31,2002-03,https://paimana-proj.mospi.gov.in/ReportPage/ViewPdf?id=1167&path=Content/ArchiveReport/flash/2002-03/FR_MAR_2003.pdf
,ADDNL COMPRESSOR(ONGCL),Petroleum,,177.64,2002-04-01,96.63,2002-10-31,2002-03,https://paimana-proj.mospi.gov.in/ReportPage/ViewPdf?id=1167&path=Content/ArchiveReport/flash/2002-03/FR_MAR_2003.pdf
,ACQUISITION OF IND. LR-II TANKER FROM COCHIN,Shipping & Ports,,151.29,2002-07-01,160.08,2002-10-31,2002-03,https://paimana-proj.mospi.gov.in/ReportPage/ViewPdf?id=1167&path=Content/ArchiveReport/flash/2002-03/FR_MAR_2003.pdf
,NORTH-EAST HVDC LINK(P.GRID),Power,,671.56,2001-12-01,501.19,2002-11-30,2002-03,https://paimana-proj.mospi.gov.in/ReportPage/ViewPdf?id=1167&path=Content/ArchiveReport/flash/2002-03/FR_MAR_2003.pdf
,10/11A BAILADILA DEPOSIT(NMDC),Steel,,430.5,1999-08-01,327.29,2002-12-31,2002-03,https://paimana-proj.mospi.gov.in/ReportPage/ViewPdf?id=1167&path=Content/ArchiveReport/flash/2002-03/FR_MAR_2003.pdf
,"PRODUCT TERMINAL CIF,BINA,MP (BPCL)",Petroleum,,463.4,2000-11-01,19.51,2002-12-31,2002-03,https://paimana-proj.mospi.gov.in/ReportPage/ViewPdf?id=1167&path=Content/ArchiveReport/flash/2002-03/FR_MAR_2003.pdf
,HYDROTREATING PLANT AT GUWAHATI (IOC),Petroleum,,497.0,2002-05-01,504.99,2002-12-31,2002-03,https://paimana-proj.mospi.gov.in/ReportPage/ViewPdf?id=1167&path=Content/ArchiveReport/flash/2002-03/FR_MAR_2003.pdf
,BARAUNI REFINERY EXPANSION (IOC),Petroleum,,1803.0,2002-05-01,1532.16,2002-12-31,2002-03,https://paimana-proj.mospi.gov.in/ReportPage/ViewPdf?id=1167&path=Content/ArchiveReport/flash/2002-03/FR_MAR_2003.pdf
,ADDNL DEV I HEERA & SOUTH HEERA(ONGCL),Petroleum,,309.08,2004-01-01,174.95,2003-02-28,2002-03,https://paimana-proj.mospi.gov.in/ReportPage/ViewPdf?id=1167&path=Content/ArchiveReport/flash/2002-03/FR_MAR_2003.pdf
,RAIPUR-RURKELA 400KV D/C LINE (P.GRID),Power,,237.38,2004-01-01,192.93,2003-02-28,2002-03,https://paimana-proj.mospi.gov.in/ReportPage/ViewPdf?id=1167&path=Content/ArchiveReport/flash/2002-03/FR_MAR_2003.pdf
,KOLHAPUR-MAPUSA 400 KV LINE (P.GRID),Power,,181.94,2003-07-01,105.14,2003-02-28,2002-03,https://paimana-proj.mospi.gov.in/ReportPage/ViewPdf?id=1167&path=Content/ArchiveReport/flash/2002-03/FR_MAR_2003.pdf
,BELAPUR-PANVEL COMMUTERS(MTP),Railways,,279.83,2000-03-01,280.0,2003-02-28,2002-03,https://paimana-proj.mospi.gov.in/ReportPage/ViewPdf?id=1167&path=Content/ArchiveReport/flash/2002-03/FR_MAR_2003.pdf
,BAGAHA-CHITAUNI NL(NER),Railways,,6.74,1994-03-01,184.0,2003-02-28,2002-03,https://paimana-proj.mospi.gov.in/ReportPage/ViewPdf?id=1167&path=Content/ArchiveReport/flash/2002-03/FR_MAR_2003.pdf
,SATGRAM UG(ECL),Coal,,26.37,1989-03-01,109.32,2003-03-31,2002-03,https://paimana-proj.mospi.gov.in/ReportPage/ViewPdf?id=1167&path=Content/ArchiveReport/flash/2002-03/FR_MAR_2003.pdf
,EXPANSION OF MINE-I(NLC),Coal,,1336.93,1996-10-01,1475.45,2003-03-31,2002-03,https://paimana-proj.mospi.gov.in/ReportPage/ViewPdf?id=1167&path=Content/ArchiveReport/flash/2002-03/FR_MAR_2003.pdf
,MINE-1A(NLC),Coal,,1032.81,2003-03-01,774.97,2003-03-31,2002-03,https://paimana-proj.mospi.gov.in/ReportPage/ViewPdf?id=1167&path=Content/ArchiveReport/flash/2002-03/FR_MAR_2003.pdf
,SATGRAM UG(ECL) {Completed} 05/1979 26.37 03/1989,Coal,,118.87,2003-03-01,109.32,2003-03-31,2002-03,https://paimana-proj.mospi.gov.in/ReportPage/ViewPdf?id=1167&path=Content/ArchiveReport/flash/2002-03/FR_MAR_2003.pdf
,MINE-1A(NLC) {Completed} 02/1998 1032.81 03/2003,Coal,,1015.74,2003-03-01,774.97,2003-03-31,2002-03,https://paimana-proj.mospi.gov.in/ReportPage/ViewPdf?id=1167&path=Content/ArchiveReport/flash/2002-03/FR_MAR_2003.pdf
,INTEGRATED PARA- 4228.00 5104.00 08/2005 07/,Petroleum,,2005.0,2005-08-01,1.0,2003-03-31,2002-03,https://paimana-proj.mospi.gov.in/ReportPage/ViewPdf?id=1167&path=Content/ArchiveReport/flash/2002-03/FR_MAR_2003.pdf
,DIPKA OC EXP.(SECL),Coal,,533.96,2001-03-01,424.04,2001-04-30,2001-02,https://paimana-proj.mospi.gov.in/ReportPage/ViewPdf?id=1306&path=Content/ArchiveReport/flash/2001-02/FR_MAR_2002.pdf
,MEDAPALI (SCCL),Coal,,219.82,2001-03-01,39.77,2001-05-31,2001-02,https://paimana-proj.mospi.gov.in/ReportPage/ViewPdf?id=1306&path=Content/ArchiveReport/flash/2001-02/FR_MAR_2002.pdf
,"MORD. OF MINTS AT HYDERABAD, MUMBAI &",Finance,,118.28,1992-03-01,268.19,2001-06-30,2001-02,https://paimana-proj.mospi.gov.in/ReportPage/ViewPdf?id=1306&path=Content/ArchiveReport/flash/2001-02/FR_MAR_2002.pdf
,LPG PIPELINE FROM JAMNAGAR TO LONI(GAIL),Petroleum,,1229.45,2001-04-01,1075.59,2001-06-30,2001-02,https://paimana-proj.mospi.gov.in/ReportPage/ViewPdf?id=1306&path=Content/ArchiveReport/flash/2001-02/FR_MAR_2002.pdf
,NATHPA JHAKRI TRANSMISSION SYSTEM (P.GRID),Power,,889.95,1996-04-01,1343.73,2001-06-30,2001-02,https://paimana-proj.mospi.gov.in/ReportPage/ViewPdf?id=1306&path=Content/ArchiveReport/flash/2001-02/FR_MAR_2002.pdf
,4 LANING OF NH-1 IN PUNJAB (KM212.20 - KM 252.25),Road Transport & Highways,,82.75,1998-09-01,240.73,2001-08-31,2001-02,https://paimana-proj.mospi.gov.in/ReportPage/ViewPdf?id=1306&path=Content/ArchiveReport/flash/2001-02/FR_MAR_2002.pdf
,IMP. OF NH-8 IN HARYANA & RAJASTHAN (NHAI),Road Transport & Highways,,298.5,1999-06-01,374.0,2001-08-31,2001-02,https://paimana-proj.mospi.gov.in/ReportPage/ViewPdf?id=1306&path=Content/ArchiveReport/flash/2001-02/FR_MAR_2002.pdf
,NH2:4 LANE 438-474 KMS.IN W.B.(STATE PWD),Road Transport & Highways,,88.26,2000-03-01,125.41,2001-08-31,2001-02,https://paimana-proj.mospi.gov.in/ReportPage/ViewPdf?id=1306&path=Content/ArchiveReport/flash/2001-02/FR_MAR_2002.pdf
,NANGAL UREA EXPANSION (NFL),Fertilisers,,135.13,2001-05-01,128.24,2001-09-30,2001-02,https://paimana-proj.mospi.gov.in/ReportPage/ViewPdf?id=1306&path=Content/ArchiveReport/flash/2001-02/FR_MAR_2002.pdf
,KOEL KARO HYDRO ELECTRIC PROJECT(NHPC),Power,,444.67,1999-11-01,44.6,2001-09-30,2001-02,https://paimana-proj.mospi.gov.in/ReportPage/ViewPdf?id=1306&path=Content/ArchiveReport/flash/2001-02/FR_MAR_2002.pdf
,JOGIGHOPA-GUWAHATI(NFR),Railways,,117.3,1994-06-01,698.33,2001-09-30,2001-02,https://paimana-proj.mospi.gov.in/ReportPage/ViewPdf?id=1306&path=Content/ArchiveReport/flash/2001-02/FR_MAR_2002.pdf
,4-LANING BETWEEN KM 439 TO 497 ON NH-8 OF,Road Transport & Highways,,117.73,1997-05-01,292.28,2001-10-31,2001-02,https://paimana-proj.mospi.gov.in/ReportPage/ViewPdf?id=1306&path=Content/ArchiveReport/flash/2001-02/FR_MAR_2002.pdf
,IMP. OF NH-2 IN JHARKHAND (NHAI),Ahmedabad-Mumbai,,127.89,1999-06-01,184.2,2001-10-31,2001-02,https://paimana-proj.mospi.gov.in/ReportPage/ViewPdf?id=1306&path=Content/ArchiveReport/flash/2001-02/FR_MAR_2002.pdf
,IMP. OF NH-2 IN WEST BENGAL FROM RANIGANJ TO,Ahmedabad-Mumbai,,143.35,1999-06-01,196.1,2001-10-31,2001-02,https://paimana-proj.mospi.gov.in/ReportPage/ViewPdf?id=1306&path=Content/ArchiveReport/flash/2001-02/FR_MAR_2002.pdf
,INMARSAT-P(VSNL),Telecommunication,,546.0,2000-09-01,550.44,2001-10-31,2001-02,https://paimana-proj.mospi.gov.in/ReportPage/ViewPdf?id=1306&path=Content/ArchiveReport/flash/2001-02/FR_MAR_2002.pdf
,EXPN OF BAUXITE MINE & ALUMINA,Mines,,1664.6,2001-03-01,1231.66,2001-12-31,2001-02,https://paimana-proj.mospi.gov.in/ReportPage/ViewPdf?id=1306&path=Content/ArchiveReport/flash/2001-02/FR_MAR_2002.pdf
,"QUILON-TRIVANDRUM CENTRAL(LD),SR",Railways,,45.76,1993-12-01,129.23,2001-12-31,2001-02,https://paimana-proj.mospi.gov.in/ReportPage/ViewPdf?id=1306&path=Content/ArchiveReport/flash/2001-02/FR_MAR_2002.pdf
,"4 LANE WIDENING OF NH3, INDORE BYE-PASS(MP",Road Transport & Highways,,102.97,1997-03-01,243.06,2001-12-31,2001-02,https://paimana-proj.mospi.gov.in/ReportPage/ViewPdf?id=1306&path=Content/ArchiveReport/flash/2001-02/FR_MAR_2002.pdf
,4-LANING & STRENGTHENING OF NH-I FROM,Pwd),,166.71,1998-07-01,362.23,2001-12-31,2001-02,https://paimana-proj.mospi.gov.in/ReportPage/ViewPdf?id=1306&path=Content/ArchiveReport/flash/2001-02/FR_MAR_2002.pdf
,CHENNAI BEACH-CHENGALPATTU-TRICHY GC (SR),Railways,,200.0,1995-12-01,718.0,2002-01-31,2001-02,https://paimana-proj.mospi.gov.in/ReportPage/ViewPdf?id=1306&path=Content/ArchiveReport/flash/2001-02/FR_MAR_2002.pdf
,SAFE CABLE SYSTEM(VSNL),Telecommunication,,231.0,2001-12-01,144.74,2002-01-31,2001-02,https://paimana-proj.mospi.gov.in/ReportPage/ViewPdf?id=1306&path=Content/ArchiveReport/flash/2001-02/FR_MAR_2002.pdf
,KONDAPALLY-LANCO PIPELINE(GAIL),Petroleum,,299.5,2002-04-01,156.68,2002-02-28,2001-02,https://paimana-proj.mospi.gov.in/ReportPage/ViewPdf?id=1306&path=Content/ArchiveReport/flash/2001-02/FR_MAR_2002.pdf
,"INSITU COMBUSTION, BALOL(ONGC)",Petroleum,,133.64,1997-07-01,97.98,2002-02-28,2001-02,https://paimana-proj.mospi.gov.in/ReportPage/ViewPdf?id=1306&path=Content/ArchiveReport/flash/2001-02/FR_MAR_2002.pdf
,FCCU AT HALDIA(IOC),Petroleum,,507.0,2002-02-01,183.2,2002-02-28,2001-02,https://paimana-proj.mospi.gov.in/ReportPage/ViewPdf?id=1306&path=Content/ArchiveReport/flash/2001-02/FR_MAR_2002.pdf
,ZA WELL PLATFORM(ONGCL),Petroleum,,302.24,2001-12-01,57.81,2002-02-28,2001-02,https://paimana-proj.mospi.gov.in/ReportPage/ViewPdf?id=1306&path=Content/ArchiveReport/flash/2001-02/FR_MAR_2002.pdf
,"DIVA-VASAI ROAD(LD),CR",Railways,,90.0,1998-03-01,150.04,2002-02-28,2001-02,https://paimana-proj.mospi.gov.in/ReportPage/ViewPdf?id=1306&path=Content/ArchiveReport/flash/2001-02/FR_MAR_2002.pdf
,CONSTRUCTION OF A NEW PORT AT ENNORE(NEAR,Shipping & Ports,,593.9,1998-04-01,816.11,2002-02-28,2001-02,https://paimana-proj.mospi.gov.in/ReportPage/ViewPdf?id=1306&path=Content/ArchiveReport/flash/2001-02/FR_MAR_2002.pdf
,VVPL EXTENSION TO SECUNDERABAD(HPCL),Petroleum,,377.55,2002-06-01,288.81,2002-03-31,2001-02,https://paimana-proj.mospi.gov.in/ReportPage/ViewPdf?id=1306&path=Content/ArchiveReport/flash/2001-02/FR_MAR_2002.pdf
,VVPL EXTENSION TO 10/1999 377.55 06/2002,Petroleum,,377.55,2002-03-01,288.81,2002-03-31,2001-02,https://paimana-proj.mospi.gov.in/ReportPage/ViewPdf?id=1306&path=Content/ArchiveReport/flash/2001-02/FR_MAR_2002.pdf
,CONSTN & OPRN OF 5A& 6A 08/1999 250.00 12/2001,Shipping & Ports,,250.0,2001-12-01,0.0,2002-03-31,2001-02,https://paimana-proj.mospi.gov.in/ReportPage/ViewPdf?id=1306&path=Content/ArchiveReport/flash/2001-02/FR_MAR_2002.pdf
,CREATION OF MECHANISED 04/1993 587.41 04/1998,Multi Pupose General Cargo,,831.11,2001-07-01,652.44,2002-03-31,2001-02,https://paimana-proj.mospi.gov.in/ReportPage/ViewPdf?id=1306&path=Content/ArchiveReport/flash/2001-02/FR_MAR_2002.pdf
,KUDANKULAM APP (NPCIL) 13171.00 13171.00 12/2008 03/,Atomic Energy,,2008.0,2008-12-01,9.0,2002-03-31,2001-02,https://paimana-proj.mospi.gov.in/ReportPage/ViewPdf?id=1306&path=Content/ArchiveReport/flash/2001-02/FR_MAR_2002.pdf
